Company,Email,Phone,Address,City,State,SubNiche,Urgency,Score,Website,Metro,Created
Total Medical Personnel Staffing,recruiting@tmpsok.com,(405) 810-8677,"7017 N Robinson Ave, Oklahoma City, OK 73116, USA",Oklahoma City,OK,HR & Staffing,10,95,http://www.tmpsok.com/,Oklahoma City,2026-06-15
CP Cyber - Denver Cyber Security Consulting Firm,mask-3@2x.jpg,(720) 541-8910,"1512 Larimer St #150, Denver, CO 80202, USA",Denver,CO,Managed IT,10,95,https://cpcyber.com/,Denver,2026-06-15
Denver Tech Support,hello@denvertech.support,(720) 712-3131,"700 Birch Street, Denver, CO 80220, USA",Denver,CO,Managed IT,10,95,https://denvertech.support/,Denver,2026-06-15
Integrity Staffing Group,muskogee@integritystaffingok.com,(918) 537-1010,"101 N Main St, Broken Arrow, OK 74012, USA",Tulsa,OK,HR & Staffing,10,95,http://integritystaffingok.com/,Tulsa,2026-06-15
Atlas Consulting Group,hr@atlasconsultinggroupinc.com,(720) 507-7944,"10200 E Girard Ave Bldg C STE 358, Denver, CO 80231, USA",Denver,CO,Managed IT,10,95,https://atlasconsultinggroupinc.com/,Denver,2026-06-15
Insight Global,hr@insightglobal.com.to,(855) 485-8732,"111 W Houston St Suite 2001, San Antonio, TX 78205, USA",San Antonio,TX,HR & Staffing,10,95,https://insightglobal.com/locations/texas/staffing-temp-agency-san-antonio-tx/?utm_source=gmb&utm_medium=Yext,San Antonio,2026-06-15
STRATIS CLOUD TECH SOLUTIONS INC,hr@stratiscloudtechsolutions.com,(682) 888-2455,"8500 N Stemmons Fwy Ste 5011, Dallas, TX 75247, USA",Dallas,TX,Managed IT,10,95,https://www.stratiscloudtechsolutions.com/,Dallas-Fort Worth,2026-06-15
Weston Centre,amanda.powell@partnersrealestate.com,(210) 224-6868,"112 E Pecan St, San Antonio, TX 78205, USA",San Antonio,TX,Merchant Services,10,95,https://www.westoncentre.com/,San Antonio,2026-06-15
Gulf Network & Technology,sales@gulfnt.com,(210) 705-0000,"5805 Callaghan Rd Ste 103, San Antonio, TX 78228, USA",San Antonio,TX,Managed IT,10,95,https://www.gulfnt.com/,San Antonio,2026-06-15
Alba Santiago - Gateway Mortgage,alba.santiago@gatewayloan.com,(405) 256-1562,"1717 N Peoria Ave Ste 11, Tulsa, OK 74106, USA",Tulsa,OK,Merchant Services,10,95,https://www.gatewayfirst.com/locations-atms/alba-santiago?utm_source=google&utm_medium=yext&utm_campaign=yext_referral,Tulsa,2026-06-15
ITsutra Inc.,contactus@itsutra.com,(972) 887-5509,"4425 W Airport Fwy #234, Irving, TX 75062, USA",Dallas,TX,Managed IT,10,95,http://www.itsutra.com/,Dallas-Fort Worth,2026-06-15
Life Time Work,bduong@lt.life,(346) 299-5977,"1201 Fannin St, Houston, TX 77002, USA",Houston,TX,HR & Staffing,10,95,https://work.lifetime.life/locations/tx-greenstreet.html?utm_source=google&utm_medium=local&utm_campaign=google-local-club,Houston,2026-06-15
H Roslin Staffing,contact@hroslinstaffing.com,(214) 267-8882,"1140 Empire Central Dr Ste #540 5th Floor, Dallas, TX 75247, USA",Dallas,TX,HR & Staffing,10,95,https://hroslinstaffing.com/,Dallas-Fort Worth,2026-06-15
Gradient: Tulsa's Hub for Innovation,concierge@joingradient.com,(918) 935-0280,"12 N Cheyenne Ave, Tulsa, OK 74103, USA",Tulsa,OK,Merchant Services,10,95,https://www.joingradient.com/,Tulsa,2026-06-15
Flat Fee Landlord,hello@flatfeelandlord.com,(281) 972-4566,"1201 Fannin St Ste 262, Houston, TX 77002, USA",Houston,TX,HR & Staffing,10,95,http://flatfeelandlord.com/houston-property-management?utm_source=gbp&utm_medium=organic&utm_campaign=houston,Houston,2026-06-15
Constellation,webagent@constellation.com,(888) 900-7052,"1001 Louisiana St #2300, Houston, TX 77002, USA",Houston,TX,Merchant Services,10,95,http://www.constellation.com/,Houston,2026-06-15
A-OK Pawn Cash & Retail | West Street,info@aokcenter.com,(316) 945-9000,"410 N West St, Wichita, KS 67203, USA",Wichita,KS,Merchant Services,10,95,http://www.aokcenter.com/,Wichita,2026-06-15
Staff Management | SMX,verifications@trueblue.com,(314) 427-2060,"8494 Chapin Industrial Dr, St. Louis, MO 63114, USA",St. Louis,MO,HR & Staffing,10,95,https://www.staffmanagement.com/,St. Louis,2026-06-15
Associated Parts & Supply,associatedparts@gmail.com,(918) 836-6080,"2619 E Admiral Pl, Tulsa, OK 74110, USA",Tulsa,OK,Merchant Services,10,95,http://associatedpartsok.com/,Tulsa,2026-06-15
Human Resource Staffing LLC,bgreen@hrstaffing.biz,(636) 477-8889,"1456 Triad Center Dr, St Peters, MO 63376, USA",St. Louis,MO,HR & Staffing,10,95,https://hrstaffing.biz/,St. Louis,2026-06-15
The Square at 717 Texas,sasha.sutton@hines.com,(713) 547-5003,"717 Texas Ave Ste 1200, Houston, TX 77002, USA",Houston,TX,HR & Staffing,10,95,https://www.thesq.com/717-texas?utm_source=GoogleBusinessProfile&utm_medium=Website&utm_campaign=MapLabs,Houston,2026-06-15
General Staffing LLC,0c0c7697d70744cf928b80646f2232ae@generalstaffing.com,(281) 886-3607,"2075 E Governors Cir, Houston, TX 77092, USA",Houston,TX,HR & Staffing,10,95,https://generalstaffing.com/,Houston,2026-06-15
Neucore Technologies,relations@neucore.io,(214) 586-0802,"3710 Rawlins St #1420, Dallas, TX 75219, USA",Dallas,TX,Managed IT,10,95,https://neucore.io/,Dallas-Fort Worth,2026-06-15
"Keystone Temporary Assignment Group, Inc",gethired@keystonestaffing.com,(314) 878-7200,"12747 Olive Blvd #200, Creve Coeur, MO 63141, USA",St. Louis,MO,HR & Staffing,10,95,http://www.keystonestaffing.com/,St. Louis,2026-06-15
SLS Financial,%20amies@slsfinancial.com,(816) 587-3400,"8341 NW Mace Rd #200, Kansas City, MO 64152, USA",Kansas City,MO,Merchant Services,10,95,https://slsfinancial.com/,Kansas City,2026-06-15
Optiv,ciso-periodic-table-homepage-thumbnail@2x.jpg,(800) 574-0896,"1144 15th St Unit 2900, Denver, CO 80202, USA",Denver,CO,Managed IT,10,95,http://www.optiv.com/,Denver,2026-06-15
MOS Therapy Staffing | Healthcare Recruitment & Staffing,info@mostherapystaffing.com,(844) 373-3417,"1980 Post Oak Blvd #1500, Houston, TX 77056, USA",Houston,TX,HR & Staffing,10,95,https://mostherapy.com/,Houston,2026-06-15
KP Staffing,atlanta@kpstaffing.com,(470) 737-4098,"6175 Old National Hwy Ste 170, Atlanta, GA 30349, USA",Atlanta,GA,HR & Staffing,10,95,https://www.kpstaffing.com/our-office-locations/atlanta-office/,Atlanta,2026-06-15
Pulse Staffing,info@pulsestaffing.com,(713) 622-9877,"15915 Katy Fwy #150, Houston, TX 77094, USA",Houston,TX,HR & Staffing,10,95,http://www.pulsestaffing.com/,Houston,2026-06-15
DipnTap,hello@dipntap.com,(832) 234-7424,"7207 Regency Square Blvd #260, Houston, TX 77036, USA",Houston,TX,Merchant Services,10,95,http://www.dipntap.com/,Houston,2026-06-15
"Liberty Management, Inc.",liberty@liberty.pm,(210) 681-8080,"4801 Northwest Loop 410 #111, San Antonio, TX 78229, USA",San Antonio,TX,HR & Staffing,10,95,https://www.libertymgt.net/,San Antonio,2026-06-15
Compare Power (No Deposit Lights),support@comparepower.com,(281) 301-1977,"708 Main St 10th Floor, Houston, TX 77002, USA",Houston,TX,Merchant Services,10,95,https://comparepower.com/contact-us/houston-location/?utm_campaign=googlelocalresult&utm_source=googlelocalresult_houston&utm_medium=gmb_websitelink_googlelocalresult_houston,Houston,2026-06-15
Burnett Specialists,example@domain.com,(512) 794-0077,"6500 River Pl Blvd, Austin, TX 78730, USA",Austin,TX,HR & Staffing,10,95,https://burnettspecialists.com/,Austin,2026-06-15
"Integra Staffing, Inc.",info@integrastaffinginc.com,(972) 972-8180,"16475 Dallas Pkwy #185, Addison, TX 75001, USA",Dallas,TX,HR & Staffing,10,95,http://www.integrastaffinginc.com/,Dallas-Fort Worth,2026-06-15
Lingows,help@lingows.com,(720) 738-5548,"1400 16th St Mall Ste 400, Denver, CO 80202, USA",Denver,CO,Managed IT,10,95,https://www.lingows.com/?utm_source=gmb&utm_campaign=seo,Denver,2026-06-15
FocusConnect IT,info@focusconnect.com,(888) 507-5725,"5155 Clarkson St, Denver, CO 80216, USA",Denver,CO,Managed IT,10,95,https://focusconnect.com/,Denver,2026-06-15
The Liberty Group,flags@2x.webp,(210) 525-7966,"1100 Northwest Loop 410 Ste 501, San Antonio, TX 78213, USA",San Antonio,TX,HR & Staffing,10,95,http://www.thelibertygroup.com/,San Antonio,2026-06-15
ProAmpac,name@example.com,(816) 483-9800,"5910 Winner Rd, Kansas City, MO 64125, USA",Kansas City,MO,Merchant Services,10,95,https://www.proampac.com/en-us/,Kansas City,2026-06-15
Integrity Staffing Solutions,sales@integritystaffing.com,(469) 947-7700,"100 Decker Ct Ste 160, Irving, TX 75062, USA",Dallas,TX,HR & Staffing,10,95,http://integritystaffing.com/,Dallas-Fort Worth,2026-06-15
"Greater Prairie Business Consulting, Inc.",jjtalericojr@gpbusinesssolutions.com,(800) 828-7585,"511 E John W Carpenter Fwy #500, Irving, TX 75062, USA",Dallas,TX,Managed IT,10,95,https://www.greaterprairiebusinessconsulting.com/,Dallas-Fort Worth,2026-06-15
Blue Signal,resumes@bluesignal.com,(480) 939-3200,"4545 E Shea Blvd #250, Phoenix, AZ 85028, USA",Phoenix,AZ,HR & Staffing,10,95,http://www.bluesignal.com/,Phoenix,2026-06-15
Abundant Staffing,lexus@abundantstaffing.com,(210) 760-0892,"400 North Loop 1604 East #300, San Antonio, TX 78232, USA",San Antonio,TX,HR & Staffing,10,95,https://abundantstaffing.com/,San Antonio,2026-06-15
Enegren Technology - Managed IT Services Wichita,enegren_wordmark_rgb_full-color@2x.png,(316) 945-4210,"3815 S Midco St, Wichita, KS 67215, USA",Wichita,KS,Managed IT,10,95,https://enegren.com/,Wichita,2026-06-15
ISG Technology,insidesales@isgtech.com,(316) 636-5655,"8201 E. 34th Circle, N Ste. 807, Wichita, KS 67226, USA",Wichita,KS,Managed IT,10,95,http://www.isgtech.com/,Wichita,2026-06-15
RBS IT,sales@rbsit.com,(316) 330-5444,"8440 East 29th St N #300, Wichita, KS 67226, USA",Wichita,KS,Managed IT,10,95,https://www.rbsit.com/,Wichita,2026-06-15
Aspire Cyber,info@aspirecyber.com,(214) 791-6999,"9330 Lyndon B Johnson Fwy #900, Dallas, TX 75243, USA",Dallas,TX,Managed IT,10,95,http://www.aspirecyber.com/,Dallas-Fort Worth,2026-06-15
NURSES Etc STAFFING,contact@mysite.com,(866) 722-9995,"16302 Pleasantville Rd #211, San Antonio, TX 78233, USA",San Antonio,TX,HR & Staffing,10,95,https://www.nursesetc.net/,San Antonio,2026-06-15
Office Products Alliance,info@officeproductsalliance.com,(816) 777-2810,"2015 Washington St, Kansas City, MO 64108, USA",Kansas City,MO,Merchant Services,10,95,http://officeproductsalliance.com/,Kansas City,2026-06-15
Tesseon,flags@2x.png,(800) 345-0087,"12747 Olive Blvd Apt 250, St. Louis, MO 63141, USA",St. Louis,MO,HR & Staffing,10,95,https://tesseon.com/?utm_source=gmb&utm_medium=organic,St. Louis,2026-06-15
Frontline Source Group - Headquarters,corporate@frtline.com,(214) 760-7700,"901 Main St #4650, Dallas, TX 75202, USA",Dallas,TX,HR & Staffing,10,95,https://www.frontlinesourcegroup.com/corporate-office.html,Dallas-Fort Worth,2026-06-15
ServingIntel Inc,you@community.com,(888) 477-7711,"2300 Main St Ste 900, Kansas City, MO 64108, USA",Kansas City,MO,Merchant Services,10,95,https://www.servingintel.com/,Kansas City,2026-06-15
Celero Commerce,sales@finicalholdings.com,(888) 707-7258,"5429 Lyndon B Johnson Fwy Ste 725, Dallas, TX 75240, USA",Dallas,TX,Merchant Services,10,95,https://finicalholdings.com/,Dallas-Fort Worth,2026-06-15
Essential Staffing Solutions,contactus@esolutionspm.com,(844) 437-7562,"7000 Central Pkwy, Atlanta, GA 30328, USA",Atlanta,GA,HR & Staffing,10,95,http://www.esolutionspm.com/,Atlanta,2026-06-15
CybertronIT,support@cybertronit.com,(316) 440-8282,"4727 S Emporia St, Wichita, KS 67216, USA",Wichita,KS,Managed IT,10,95,https://cybertronit.com/,Wichita,2026-06-15
Russell Strategy Group,letstalk@russellstrategygroup.com,(512) 217-3205,"612 W 34th St, Austin, TX 78705, USA",Austin,TX,Managed IT,10,95,https://russellstrategygroup.com/,Austin,2026-06-15
Index Restaurant Supply,chef@restaurant.com,(816) 842-9122,"521 Main St, Kansas City, MO 64105, USA",Kansas City,MO,Merchant Services,10,95,http://www.indexrs.com/,Kansas City,2026-06-15
Paramount,careers@hireparamount.com,(404) 760-4800,"4170 Ashford Dunwoody Rd NE, Atlanta, GA 30319, USA",Atlanta,GA,HR & Staffing,10,95,http://www.hireparamount.com/,Atlanta,2026-06-15
City Market,tomatotaxi@05x.jpg,(816) 842-1271,"20 E 5th St, Kansas City, MO 64106, USA",Kansas City,MO,Merchant Services,10,95,http://thecitymarketkc.org/,Kansas City,2026-06-15
Labor Finders,stlouis@laborfinders.com,(636) 287-3709,"4024 Butler Hill Rd Ste 10, St. Louis, MO 63129, USA",St. Louis,MO,HR & Staffing,10,95,https://www.laborfinders.com/locations/mo/st.-louis/37-8/,St. Louis,2026-06-15
TechSage Solutions - San Antonio IT Support and Managed IT Services,icon-google@2x.png,(210) 864-9607,"3463 Magic Dr #255, San Antonio, TX 78229, USA",San Antonio,TX,Managed IT,10,95,https://www.techsagesolutions.com/,San Antonio,2026-06-15
Crown Staffing,northvernon@crownstaffing.com,(314) 991-1993,"11644 Dorsett Rd, Maryland Heights, MO 63043, USA",St. Louis,MO,HR & Staffing,10,95,http://crownstaffing.com/,St. Louis,2026-06-15
Pinnacle Staffing Group,phoenixstaff@pinnacle-staff.com,(602) 661-7740,"2432 W Peoria Ave #1044, Phoenix, AZ 85029, USA",Phoenix,AZ,HR & Staffing,10,95,https://www.pinnacle-staff.com/,Phoenix,2026-06-15
Human Resource Staffing,bgreen@hrstaffing.biz,(314) 567-9970,"2258 Schuetz Rd #107, St. Louis, MO 63146, USA",St. Louis,MO,HR & Staffing,10,95,http://hrstaffing.biz/,St. Louis,2026-06-15
Total Medical Personnel Staffing,recruiting@tmpsok.com,(918) 664-2200,"6526 E 60th St, Tulsa, OK 74145, USA",Tulsa,OK,HR & Staffing,10,95,http://www.tmpsok.com/,Tulsa,2026-06-15
MAC USA | Merchant Services & POS Systems Houston,why-usimg3@2x-e1650622438649.png,(888) 873-7799,"10600 Bellaire Blvd #102, Houston, TX 77072, USA",Houston,TX,Merchant Services,10,95,https://macmarketing.us/?utm_source=GMB&utm_medium=Houston,Houston,2026-06-15
Centre Technologies,help@centretechnologies.com,(833) 236-8731,"6243 I-10 #606, San Antonio, TX 78201, USA",San Antonio,TX,Managed IT,10,95,https://www.centretechnologies.com/san-antonio,San Antonio,2026-06-15
Honest Merchant Guys,matt@hmgprocessing.com,(720) 940-4271,"11990 Grant St Suit 550, Northglenn, CO 80233, USA",Denver,CO,Merchant Services,10,95,https://hmgprocessing.com/,Denver,2026-06-15
7tech IT Services and Cybersecurity,chosen-sprite@2x.png,(855) 701-6777,"2544 MacArthur View, San Antonio, TX 78217, USA",San Antonio,TX,Managed IT,10,95,https://www.7tech.com/managed-it-services-san-antonio/,San Antonio,2026-06-15
Managed IT Services and VoIP - SD Tech,helpdesk@sd-tech.net,(210) 558-7385,"523 Med Ct Ste 105, San Antonio, TX 78258, USA",San Antonio,TX,Managed IT,10,95,https://www.sd-tech.net/,San Antonio,2026-06-15
SNELLING Talent Partners - St. Louis,stljobs@snellingtalentpartners.com,(314) 993-7800,"921 Fee Fee Rd, Maryland Heights, MO 63043, USA",St. Louis,MO,HR & Staffing,10,95,https://www.snellingstl.com/,St. Louis,2026-06-15
Kurv,nsales@kurvpay.com,(210) 899-5721,"8200 I-10 #602, San Antonio, TX 78230, USA",San Antonio,TX,Merchant Services,10,95,https://kurvpay.com/locations/san-antonio-tx/,San Antonio,2026-06-15
AGMS,support@agms.com,(214) 491-4400,"5605 FM 423 #500, Frisco, TX 75036, USA",Dallas,TX,Merchant Services,10,95,https://www.agms.com/,Dallas-Fort Worth,2026-06-15
TMD Staffing,besquibel@texasmgmt.com,(210) 538-5290,"1600 NE Interstate 410 Loop #130, San Antonio, TX 78209, USA",San Antonio,TX,HR & Staffing,10,95,http://www.tmdstaffing.com/,San Antonio,2026-06-15
PMG Executive Search & Recruiting,paul@pmgsearch.com,(602) 726-4189,"13355 Noel Rd Ste #1100, Dallas, TX 75240, USA",Dallas,TX,HR & Staffing,10,95,https://www.pmgsearch.com/dallas,Dallas-Fort Worth,2026-06-15
Alambda Systems,enrollment@alambda.com,(844) 252-6232,"911 Washington Ave Ste 838, St. Louis, MO 63101, USA",St. Louis,MO,Managed IT,10,95,http://alambda.com/?utm_campaign=gmb,St. Louis,2026-06-15
"Amicus IT, LLC",david@amicusit.net,(314) 732-0700,"222 S Meramec Ave Ste 202, St. Louis, MO 63105, USA",St. Louis,MO,Managed IT,10,95,http://amicusit.net/,St. Louis,2026-06-15
Essential Network Technologies | Missouri IT Support Company & Managed IT Services,sales@essentialnetworktech.com,(636) 425-3968,"30 Gerber Industrial Ct, St Peters, MO 63376, USA",St. Louis,MO,Managed IT,10,95,https://essentialnetworktech.com/?utm_source=gbp&utm_medium=gbp&utm_campaign=gbp_organic,St. Louis,2026-06-15
Ighty IT Support LLC - Managed IT Services Dallas,harrison@ightysupport.com,(972) 200-3219,"2001 N Lamar St #270, Dallas, TX 75202, USA",Dallas,TX,Managed IT,10,95,https://www.ightysupport.com/,Dallas-Fort Worth,2026-06-15
Xperia Credit Solutions,support@xperiacredit.com,(844) 756-6530,"999 18th St Unit 3000, Denver, CO 80202, USA",Denver,CO,Merchant Services,10,95,https://www.xperiacredit.com/,Denver,2026-06-15
"Midwest Networking Services, LLC",ping@midwestnetworking.com,(314) 221-2158,"655 Craig Rd Suite 150, Creve Coeur, MO 63141, USA",St. Louis,MO,Managed IT,10,95,https://midwestnetworking.com/,St. Louis,2026-06-15
Labor Solutions LLC,info@labor-solutions.com,(314) 727-1060,"10124 St Charles Rock Rd, St Ann, MO 63074, USA",St. Louis,MO,HR & Staffing,10,95,http://www.labor-solutions.com/,St. Louis,2026-06-15
Consolidated Personnel Services,support@cpspeo.com,(602) 230-8940,"645 E Missouri Ave #119, Phoenix, AZ 85012, USA",Phoenix,AZ,HR & Staffing,10,95,https://cpspeo.com/,Phoenix,2026-06-15
"Payroll Vault San Antonio, Texas",alex@theeternityjanitorialtx.com,(210) 996-2753,"2101 Lockhill Selma Rd #206, San Antonio, TX 78213, USA",San Antonio,TX,HR & Staffing,10,95,https://www.payrollvault.com/143,San Antonio,2026-06-15
Adecco Staffing,u003e@adeccogroup.com,(314) 421-3858,"3218 Laclede Station Rd, St. Louis, MO 63143, USA",St. Louis,MO,HR & Staffing,10,95,https://www.adecco.com/en-us/locations/missouri/st-louis/adecco-staffing-st-louis-mo-adus_021711,St. Louis,2026-06-15
Talent Solutions Group,talentdelivery@talentsolutionsgrouptx.com,(210) 731-0046,"4100 Northwest Loop 410 #108, San Antonio, TX 78229, USA",San Antonio,TX,HR & Staffing,10,95,https://talentsolutionsgrouptx.com/,San Antonio,2026-06-15
Per Scholas St. Louis,stlouis@perscholas.org,(636) 896-6168,"20 S Sarah St, St. Louis, MO 63108, USA",St. Louis,MO,Managed IT,10,95,https://perscholas.org/st-louis/,St. Louis,2026-06-15
Express Employment Professionals,jobs.atlantaga@expresspros.com,(404) 467-2455,"3565 Piedmont Rd NE Bldg 4 suite 205, Atlanta, GA 30305, USA",Atlanta,GA,HR & Staffing,10,95,https://www.expresspros.com/us-georgia-atlanta-buckhead,Atlanta,2026-06-15
Nesco Resource | Staffing Services,operations@nescoresource.com,(602) 277-3381,"340 E Palm Ln a275, Phoenix, AZ 85004, USA",Phoenix,AZ,HR & Staffing,10,95,http://nescoresource.com/,Phoenix,2026-06-15
"BounceBack Data Recovery, Inc.",flags@2x.png,(314) 690-3009,"6 Cardinal Wy Ste 900, St. Louis, MO 63102, USA",St. Louis,MO,Managed IT,10,95,http://www.bouncebackdatarecovery.com/,St. Louis,2026-06-15
Advantis Medical Staffing,info@advantismed.com,(972) 546-0528,"12001 N Central Expy, Dallas, TX 75243, USA",Dallas,TX,HR & Staffing,10,95,https://advantismed.com/?utm_source=google,Dallas-Fort Worth,2026-06-15
Staffing Network Phoenix,%20info@staffingnetwork.com,(480) 588-2968,"511 E Camelback Rd Ste A, Phoenix, AZ 85012, USA",Phoenix,AZ,HR & Staffing,10,95,http://staffingnetwork.com/,Phoenix,2026-06-15
Actum Processing LLC,corporate@actumprocessing.com,(512) 402-0082,"7004 Bee Caves Rd #312, Austin, TX 78746, USA",Austin,TX,Merchant Services,10,95,http://actumprocessing.com/,Austin,2026-06-15
Acumen Managed IT Services,sales@acumen-corp.com,(314) 333-3330,"1735 S Big Bend Blvd, Richmond Heights, MO 63117, USA",St. Louis,MO,Managed IT,10,95,https://www.acumenmanageditservices.com/,St. Louis,2026-06-15
Advanced Network Design | Managed IT Services | IT Support,ali@amplocal.io,(405) 606-6060,"9520 N May Ave, Oklahoma City, OK 73120, USA",Oklahoma City,OK,Managed IT,10,95,https://andgroup.net/?utm_source=google_business_profile&utm_medium=organic&utm_campaign=google_business_profile,Oklahoma City,2026-06-15
Diverse CTI - IT Services,sales@diversecti.com,(405) 840-4100,"6501 Broadway Ext #200, Oklahoma City, OK 73116, USA",Oklahoma City,OK,Managed IT,10,95,http://www.diversecti.com/,Oklahoma City,2026-06-15
Business & Community Lenders (BCL) of Texas- Austin,communications@bcloftexas.org,(512) 912-9884,"1011 San Jacinto Blvd Ste 500, Austin, TX 78701, USA",Austin,TX,Merchant Services,10,95,http://www.bcloftexas.org/,Austin,2026-06-15
Uprite Services | San Antonio IT Services,flags@2x.webp,(210) 366-4811,"11831 Radium St, San Antonio, TX 78216, USA",San Antonio,TX,Managed IT,10,95,https://www.uprite.com/managed-it-services-san-antonio/?utm_source=gmb&utm_medium=local+search&utm_campaign=San+Antonio+Location+GMB,San Antonio,2026-06-15
Clearview,cropped-clearvliew-full-light@3x-2.webp,(877) 848-9922,"18911 Hardy Oak Blvd, San Antonio, TX 78258, USA",San Antonio,TX,Merchant Services,10,95,http://clearviewmc.net/,San Antonio,2026-06-15
HireLevel.,hello@hirelevel.com,(314) 241-9675,"3016 Locust St, St. Louis, MO 63103, USA",St. Louis,MO,HR & Staffing,10,95,https://hirelevel.com/location/hirelevel-st-louis-mo-employment-agency/,St. Louis,2026-06-15
Slalom Consulting,name@company.com,(314) 376-2370,"7800 Forsyth Blvd Ste 850, Clayton, MO 63105, USA",St. Louis,MO,Managed IT,10,95,https://www.slalom.com/,St. Louis,2026-06-15
Prototype IT - Dallas Managed IT Services Company,service-notifications@prototypeit.net,(469) 754-9624,"13155 Noel Rd Ste 905, Dallas, TX 75240, USA",Dallas,TX,Managed IT,10,95,https://prototypeit.net/managed-it-services-dallas/,Dallas-Fort Worth,2026-06-15
Acumen Connections,acumensales@acumenconnections.com,(800) 864-4644,"6840 W Central Ave, Wichita, KS 67212, USA",Wichita,KS,Merchant Services,10,95,https://acumenconnections.com/,Wichita,2026-06-15
iTology,contact@itology.com,(405) 494-4487,"2309 N Willow Ave, Bethany, OK 73008, USA",Oklahoma City,OK,Managed IT,10,95,https://itology.com/,Oklahoma City,2026-06-15
Corporate Office,info@americanfirstfinance.com,(855) 721-1188,"3515 N Ridge Rd #200, Wichita, KS 67205, USA",Wichita,KS,Merchant Services,10,95,https://www.americanfirstfinance.com/,Wichita,2026-06-15
ACE Cash Express,customerservice@acecashexpress.com,(316) 263-6223,"1105 W Pawnee St, Wichita, KS 67213, USA",Wichita,KS,Merchant Services,10,95,https://www.acecashexpress.com/locations/kansas/wichita/2703?utm_source=google&utm_medium=local&utm_campaign=2703,Wichita,2026-06-15
SMARTPAY,support@smartpay.com,(800) 481-6863,"500 W 2nd St Ste 1900, Austin, TX 78701, USA",Austin,TX,Merchant Services,10,95,http://smartpay.com/,Austin,2026-06-15
ISG Technology,insidesales@isgtech.com,(405) 722-7300,"14400 Bogert Pkwy Ste. 400, Oklahoma City, OK 73134, USA",Oklahoma City,OK,Managed IT,10,95,http://www.isgtech.com/,Oklahoma City,2026-06-15
Partnership Employment,info@partnershipemployment.com,(972) 908-9991,"2201 W Royal Ln #230, Irving, TX 75063, USA",Dallas,TX,HR & Staffing,10,95,http://www.partnershipemployment.com/,Dallas-Fort Worth,2026-06-15
Spirit Aerosystems Inc,mro@spiritaero.com,(316) 526-9000,"3801 S Oliver St, Wichita, KS 67210, USA",Wichita,KS,HR & Staffing,10,95,http://www.spiritaero.com/,Wichita,2026-06-15
Kandi Jones - Gateway Mortgage,kandi.jones@gatewayloan.com,(316) 530-8123,"9915 W 21st St N Suite B, Wichita, KS 67205, USA",Wichita,KS,Merchant Services,10,95,https://www.gatewayfirst.com/locations-atms/kandi-jones?utm_source=google&utm_medium=yext&utm_campaign=yext_referral,Wichita,2026-06-15
DES Employment Group,info@desemploymentgroup.com,(316) 267-9000,"801 E Douglas Ave 2nd Floor, Wichita, KS 67202, USA",Wichita,KS,HR & Staffing,10,95,http://www.desemploymentgroup.com/,Wichita,2026-06-15
Tyler Kobler - Gateway Mortgage,tyler.kobler@gatewayloan.com,(316) 768-3048,"9915 W 21st St N Suite B, Wichita, KS 67205, USA",Wichita,KS,Merchant Services,10,95,https://www.gatewayfirst.com/locations-atms/tyler-kobler?utm_source=google&utm_medium=yext&utm_campaign=yext_referral,Wichita,2026-06-15
"AquantUs, LLC",info@aquantusllc.com,(404) 920-2300,"1230 Peachtree St NE, Atlanta, GA 30309, USA",Atlanta,GA,HR & Staffing,10,95,https://www.aquantusllc.com/,Atlanta,2026-06-15
keycentrix,mobile-style1@2x.png,(800) 444-8486,"423 E Douglas Ave, Wichita, KS 67202, USA",Wichita,KS,Merchant Services,10,95,https://keycentrix.com/,Wichita,2026-06-15
Interim HealthCare of Oklahoma City,wehearyou@interimhealthcare.com,(405) 848-3555,"3613 NW 56th St Suite 385, Oklahoma City, OK 73112, USA",Oklahoma City,OK,HR & Staffing,10,95,https://www.interimhealthcare.com/location/oklahoma-city-ok,Oklahoma City,2026-06-15
3Nines Technologies Inc.,sales@3ninestech.com,(405) 488-8000,"3031 NW 149th St, Oklahoma City, OK 73134, USA",Oklahoma City,OK,Managed IT,10,95,http://www.3ninestech.com/,Oklahoma City,2026-06-15
Payment 1 Loans - San Antonio - W. Commerce,sanantonio3@payment1.com,(210) 433-8271,"4114 W Commerce St #102, San Antonio, TX 78207, USA",San Antonio,TX,Merchant Services,10,95,https://payment1.com/location/san-antonio-w-commerce/,San Antonio,2026-06-15
RICH Payment Solutions - Best POS System For Salon in USA,info@richpaymentsolutions.com,(775) 438-7424,"2425 N Central Expy #101, Richardson, TX 75080, USA",Dallas,TX,Merchant Services,10,95,https://richpaymentsolutions.com/,Dallas-Fort Worth,2026-06-15
"NetApp, Inc.",ng-uspr@netapp.com,(316) 636-8000,"1850 Innovation Blvd, Wichita, KS 67208, USA",Wichita,KS,Merchant Services,10,95,http://www.netapp.com/,Wichita,2026-06-15
PeopleReady,3219-br@peopleready.com,(404) 892-1277,"670 Northside Dr NW, Atlanta, GA 30318, USA",Atlanta,GA,HR & Staffing,10,95,https://www.peopleready.com/location/atlanta-ga-3219/?utm_source=source_google_business&utm_medium=organic&utm_campaign=yext&utm_content=Atlanta_GA_3219,Atlanta,2026-06-15
Annie Perez - Gateway Mortgage,annie.perez@gatewayloan.com,(316) 768-3047,"9915 W 21st St N Suite B, Wichita, KS 67205, USA",Wichita,KS,Merchant Services,10,95,https://www.gatewayfirst.com/locations-atms/annie-perez?utm_source=google&utm_medium=yext&utm_campaign=yext_referral,Wichita,2026-06-15
Sally Conger - Gateway Mortgage,sally.conger@gatewayloan.com,(316) 252-1458,"12009 E 13th St N, Wichita, KS 67206, USA",Wichita,KS,Merchant Services,10,95,https://www.gatewayfirst.com/locations-atms/sally-conger,Wichita,2026-06-15
"IT Cloud Global, LLC",sales@itcloudglobal.com,(713) 234-5600,"1301 Waugh Dr Ste 200B, Houston, TX 77019, USA",Houston,TX,Managed IT,10,95,https://itcloudglobal.com/,Houston,2026-06-15
AP Technology Website Design in OKC,info@aptechokc.com,(405) 339-7897,"312 NE 28th St #103, Oklahoma City, OK 73105, USA",Oklahoma City,OK,Managed IT,10,95,https://aptechokc.com/,Oklahoma City,2026-06-15
Texas Health Credit Union,info@thcu.org,(512) 454-4636,"4800 Grover Ave, Austin, TX 78756, USA",Austin,TX,Merchant Services,10,95,http://www.thcu.org/,Austin,2026-06-15
Close MO Deals,dave@lab6.com,(877) 303-3257,"701 Market St, St. Louis, MO 63101, USA",St. Louis,MO,Merchant Services,10,95,https://closemodeals.com/,St. Louis,2026-06-15
J P Weigand & Sons Inc,name@email.com,(316) 262-6400,"150 N Market St, Wichita, KS 67202, USA",Wichita,KS,Merchant Services,10,95,http://www.weigand.com/,Wichita,2026-06-15
210 IT,info@210it.com,(210) 499-0681,"4706 Shavano Oak #102, San Antonio, TX 78249, USA",San Antonio,TX,Managed IT,10,95,http://www.210it.com/,San Antonio,2026-06-15
Wichita Workforce Center,admin@workforce-ks.com,(316) 771-6800,"2021 N Amidon Ave #1100, Wichita, KS 67203, USA",Wichita,KS,HR & Staffing,10,95,http://www.workforce-ks.com/,Wichita,2026-06-15
Bridgehead IT,bridgehead-it-promise@2x.webp,(210) 477-7900,"1355 Central Pkwy S #100, San Antonio, TX 78232, USA",San Antonio,TX,Managed IT,10,95,http://www.bridgeheadit.com/,San Antonio,2026-06-15
PeopleReady,1163-br@peopleready.com,(316) 945-2010,"6600 W Kellogg Dr Suite 102, Wichita, KS 67209, USA",Wichita,KS,HR & Staffing,10,95,https://www.peopleready.com/location/wichita-ks-1163/?utm_source=source_google_business&utm_medium=organic&utm_campaign=yext&utm_content=Wichita_KS_1163,Wichita,2026-06-15
Swipesum Merchant Services & Payment Processing Consultants,save@swipesum.com,(844) 312-0589,"212 S Central Ave Ste 100, Clayton, MO 63105, USA",St. Louis,MO,Merchant Services,10,95,https://swipesum.com/,St. Louis,2026-06-15
eEmployers Solutions Inc,sanantonio@eesipeo.com,(210) 495-1171,"ESI - eEmployers Solutions, Inc, 12211 Huebner Rd, San Antonio, TX 78230, USA",San Antonio,TX,HR & Staffing,10,95,http://www.eesipeo.com/,San Antonio,2026-06-15
L.K. Jordan and Associates,yoany.torres@lkjordan.com,(210) 488-9360,"7550 I-10 Ste #105, San Antonio, TX 78229, USA",San Antonio,TX,HR & Staffing,10,95,http://www.lkjordan.com/,San Antonio,2026-06-15
Express Employment Professionals,jobs.marylandheightsmo@expresspros.com,(314) 621-8000,"6746 Page Ave Ste. 200, St. Louis, MO 63133, USA",St. Louis,MO,HR & Staffing,10,95,https://www.expresspros.com/us-missouri-saint-louis,St. Louis,2026-06-15
Everyware,info@everyware.com,(844) 311-5597,"701 Brazos St Ste 541, Austin, TX 78701, USA",Austin,TX,Merchant Services,10,95,http://www.everyware.com/,Austin,2026-06-15
The Arnold Group,help@arnoldgrouphr.com,(316) 263-9283,"530 S Topeka St, Wichita, KS 67202, USA",Wichita,KS,HR & Staffing,10,95,https://www.arnoldgrouphr.com/,Wichita,2026-06-15
Burnett Specialists,example@domain.com,(210) 341-8400,"13750 San Pedro Ave Ste 730, Office 713, San Antonio, TX 78232, USA",San Antonio,TX,HR & Staffing,10,95,https://burnettspecialists.com/,San Antonio,2026-06-15
Arizona Casting,cinemasolve@gmail.com,(623) 888-8950,"2225 W Mountain View Rd, Phoenix, AZ 85021, USA",Phoenix,AZ,HR & Staffing,10,95,http://castingarizona.com/,Phoenix,2026-06-15
Gateway Arch National Park,app-promo-phones@2x.png,(314) 655-1600,"St. Louis, MO 63102, USA",St. Louis,MO,Merchant Services,10,95,https://www.nps.gov/jeff/index.htm,St. Louis,2026-06-15
Tradebloc Inc.,contact@mysite.com,(800) 554-7694,"701 Commerce St, Dallas, TX 75202, USA",Dallas,TX,Merchant Services,10,95,http://tradebloc.com/,Dallas-Fort Worth,2026-06-15
Workforce Solutions - Katy,webmaster@h-gac.com,(281) 644-1030,"I-10 24025 Suite D, Katy, TX 77494, USA",Houston,TX,HR & Staffing,10,95,https://locations.wrksolutions.com/en/katy,Houston,2026-06-15
Labor Force Staffing,dmoreno@laborforce.com,(281) 741-2793,"650 N Sam Houston Pkwy E Ste 108, Houston, TX 77060, USA",Houston,TX,HR & Staffing,10,95,http://laborforce.com/,Houston,2026-06-15
Missouri Process Serving,pam@moprocessserving.com,(314) 825-5512,"1430 Washington Ave #220, St. Louis, MO 63103, USA",St. Louis,MO,Merchant Services,10,95,http://www.moprocessserving.com/,St. Louis,2026-06-15
CITOC - Houston Managed IT Services Company,support@citoc.com,(713) 490-5000,"1080 W Sam Houston Pkwy N #130, Houston, TX 77043, USA",Houston,TX,Managed IT,10,95,https://citoc.com/?utm_source=google&utm_medium=gbp&utm_id=local,Houston,2026-06-15
Prototype IT - Fort Worth Managed IT Services Company,service-notifications@prototypeit.net,(817) 631-5844,"600 W 6th St Ste 485, Fort Worth, TX 76102, USA",Dallas,TX,Managed IT,10,95,https://prototypeit.net/managed-it-services-fort-worth/,Dallas-Fort Worth,2026-06-15
Gateway Homeless Services ‑ Gateway180,info@gateway180.org,(314) 231-1515,"1000 N 19th St, St. Louis, MO 63106, USA",St. Louis,MO,Merchant Services,10,95,http://www.gateway180.org/,St. Louis,2026-06-15
The Towers at Gateway City,accessibility@apartments247.com,(314) 588-1177,"110 N 17th St, St. Louis, MO 63103, USA",St. Louis,MO,Merchant Services,10,95,https://www.gatewayatcitypark.com/,St. Louis,2026-06-15
Gateway Cremation Center,gatewaycremation@gmail.com,(314) 899-9638,"1720 Olive St, St. Louis, MO 63103, USA",St. Louis,MO,Merchant Services,10,95,http://www.gatewaycremation.com/,St. Louis,2026-06-15
ACE Cash Express,customerservice@acecashexpress.com,(210) 225-5032,"534 N New Braunfels Ave, San Antonio, TX 78202, USA",San Antonio,TX,Merchant Services,10,95,https://www.acecashexpress.com/locations/texas/san-antonio/513?utm_source=google&utm_medium=local&utm_campaign=513,San Antonio,2026-06-15
LaborMax Staffing - Wichita (Anytime Labor - Kansas LLC),hr@labormaxstaffing.com,(316) 425-7620,"1319 E Douglas Ave, Wichita, KS 67211, USA",Wichita,KS,HR & Staffing,10,95,http://www.labormax.net/?ref=Wichita-GMB,Wichita,2026-06-15
Herk & Associates,username@example.com,(480) 348-0886,"7250 N 16th St #318, Phoenix, AZ 85020, USA",Phoenix,AZ,HR & Staffing,10,95,http://herkandassociates.com/,Phoenix,2026-06-15
Openwork,hi@openwork.com,(713) 977-8555,"4740 Dacoma St Ste d, Houston, TX 77092, USA",Houston,TX,HR & Staffing,10,95,http://www.openwork.com/,Houston,2026-06-15
Choice Staffing,saresume@choicestaffingusa.com,(210) 805-0800,"9033 Aero St Ste 101, San Antonio, TX 78217, USA",San Antonio,TX,HR & Staffing,10,95,https://www.choicestaffingusa.com/,San Antonio,2026-06-15
Staff Force Personnel Services,branch38@staff-force.com,(210) 828-6220,"4951 Northwest Loop 410, San Antonio, TX 78229, USA",San Antonio,TX,HR & Staffing,10,95,http://www.staff-force.com/,San Antonio,2026-06-15
Adecco Staffing,u003e@adeccogroup.com,(713) 690-9500,"13831 Northwest Fwy #314, Houston, TX 77040, USA",Houston,TX,HR & Staffing,10,95,https://www.adecco.com/en-us/locations/texas/houston/adecco-staffing-houston-nw-tx-adus_025387,Houston,2026-06-15
LeadingEdge Personnel,sat@leadingedgepersonnel.com,(210) 590-0600,"900 Isom Rd #220, San Antonio, TX 78216, USA",San Antonio,TX,HR & Staffing,10,95,http://www.leadingedgepersonnel.com/,San Antonio,2026-06-15
Sterling Apartment Personnel,belinda@sterling-apartments.com,(972) 404-0077,"14160 Dallas Pkwy suit 110, Dallas, TX 75254, USA",Dallas,TX,HR & Staffing,10,95,http://www.sterling-apartments.com/,Dallas-Fort Worth,2026-06-15
Express Employment Professionals,jobs.sanantoniotxse@expresspros.com,(210) 923-1774,"403 S WW White Rd Ste 222 B, San Antonio, TX 78219, USA",San Antonio,TX,HR & Staffing,10,95,https://www.expresspros.com/us-texas-san-antonio-southeast,San Antonio,2026-06-15
PennComp LLC - Houston IT Support Services,info@penncomp.com,(713) 669-0965,"2050 N Loop W #200, Houston, TX 77018, USA",Houston,TX,Managed IT,10,95,https://penncomp.com/,Houston,2026-06-15
Adecco Staffing,u003e@adeccogroup.com,(210) 545-5850,"45 NE Interstate 410 Loop, San Antonio, TX 78216, USA",San Antonio,TX,HR & Staffing,10,95,https://www.adecco.com/en-us/locations/texas/san-antonio/adecco-staffing-san-antonio-tx-adus_025333,San Antonio,2026-06-15
Elwood Staffing,recruiter.name@elwoodstaffing.com,(210) 949-5110,"6739 Northwest Loop 410 #102, San Antonio, TX 78238, USA",San Antonio,TX,HR & Staffing,10,95,https://www.elwoodstaffing.com/contact-us-and-locations/TX/San-Antonio,San Antonio,2026-06-15
HotFoot Recruiters,info-request@hotfootrecruiters.com,(480) 633-3392,"110 E Houston St 7th Floor #166, San Antonio, TX 78205, USA",San Antonio,TX,HR & Staffing,10,95,https://www.hotfootrecruiters.com/,San Antonio,2026-06-15
PROPERTY MANAGEMENT INC - PMI Austin,info@pmiaustin.net,(512) 222-8073,"824 W 10th St Ste 100, Austin, TX 78701, USA",Austin,TX,HR & Staffing,10,95,http://www.pmiaustin.net/,Austin,2026-06-15
Integrated Human Capital,info@ihcus.com,(210) 212-4400,"45 NE Interstate 410 Loop Suite 180, San Antonio, TX 78216, USA",San Antonio,TX,HR & Staffing,10,95,http://ihcus.com/,San Antonio,2026-06-15
TMC Workforce Solutions,info@tmcworkforce.com,(713) 360-6877,"2313 W Sam Houston Pkwy N #155, Houston, TX 77043, USA",Houston,TX,HR & Staffing,10,95,http://www.tmcworkforce.com/,Houston,2026-06-15
Elwood Staffing,recruiter.name@elwoodstaffing.com,(316) 691-8998,"902 S Oliver Ave, Wichita, KS 67218, USA",Wichita,KS,HR & Staffing,10,95,https://www.elwoodstaffing.com/contact-us-and-locations/KS/Wichita,Wichita,2026-06-15
"Total Aviation Staffing, LLC",johndoe@gmail.com,(210) 702-2478,"11210 Disco, San Antonio, TX 78216, USA",San Antonio,TX,HR & Staffing,10,95,https://totalaviationstaffing.com/,San Antonio,2026-06-15
United Way of Metropolitan Dallas,nbaughman@unitedwaydallas.org,(214) 978-0000,"1800 N Lamar St, Dallas, TX 75202, USA",Dallas,TX,Merchant Services,10,95,http://www.unitedwaydallas.org/,Dallas-Fort Worth,2026-06-15
Better Business Bureau,service@interactiveblue.com,(214) 220-2000,"1601 Elm St Ste 1600, Dallas, TX 75201, USA",Dallas,TX,Merchant Services,10,95,http://www.bbb.org/,Dallas-Fort Worth,2026-06-15
A+ Staffing,asimons@apluspeople.com,(214) 357-9500,"3626 N Hall St #620, Dallas, TX 75219, USA",Dallas,TX,HR & Staffing,10,95,https://apluspeople.com/,Dallas-Fort Worth,2026-06-15
PrideStaff,dallas@pridestaff.com,(972) 661-1616,"14850 Quorum Dr #205, Dallas, TX 75254, USA",Dallas,TX,HR & Staffing,10,95,https://www.staffingindallas.com/,Dallas-Fort Worth,2026-06-15
"Quality Labor Management LLC, Houston",info@myqlm.com,(281) 501-3870,"11500 Northwest Fwy #410, Houston, TX 77092, USA",Houston,TX,HR & Staffing,10,95,https://myqlm.com/our-locations/houston-texas-construction-industrial-skilled-staffing/,Houston,2026-06-15
AVATAR Managed Services,ajax-loader@2x.gif,(281) 999-1300,"10603 W Sam Houston Pkwy N #100, Houston, TX 77064, USA",Houston,TX,Managed IT,10,95,http://avatarmanagedservices.com/,Houston,2026-06-15
Quinn Technology Solutions,sales@quinn-tech.com,(281) 817-7130,"419 Century Plaza Dr #250, Houston, TX 77073, USA",Houston,TX,Managed IT,10,95,http://www.quinn-tech.com/,Houston,2026-06-15
Colorado Payroll Services,denverpayrollservice@gmail.com,(720) 709-1110,"3773 Cherry Creek N Dr, Denver, CO 80209, USA",Denver,CO,HR & Staffing,10,95,http://www.denverbusinesspayrollservices.com/,Denver,2026-06-15
Proven Data,info@provendata.com,(713) 955-2199,"700 Milam St 13th Floor, Houston, TX 77002, USA",Houston,TX,Managed IT,10,95,https://www.provendata.com/?utm_source=gmb&utm_medium=%D1%80ouston-tx,Houston,2026-06-15
Avant Agency Inc,diana@avantagency.com,(210) 308-8411,"400 Portland Rd Building 2, San Antonio, TX 78216, USA",San Antonio,TX,HR & Staffing,10,95,http://avantagency.com/home/,San Antonio,2026-06-15
Staff Force,branch38@staff-force.com,(214) 634-7686,"4351 Dallas Fort Worth Turnpike #130, Dallas, TX 75211, USA",Dallas,TX,HR & Staffing,10,95,http://www.staff-force.com/,Dallas-Fort Worth,2026-06-15
Frontline Source Group,dallas.staffing@frtline.com,(214) 744-5627,"4245 N Central Expy #300, Dallas, TX 75205, USA",Dallas,TX,HR & Staffing,10,95,https://www.frontlinesourcegroup.com/dallas.html,Dallas-Fort Worth,2026-06-15
Centre Technologies,help@centretechnologies.com,(918) 372-3451,"611 E 4th St, Tulsa, OK 74120, USA",Tulsa,OK,Managed IT,10,95,https://www.centretechnologies.com/tulsa,Tulsa,2026-06-15
Velocity IT,info@velocityit.net,(972) 996-6600,"8330 Lyndon B Johnson Fwy Ste 370, Dallas, TX 75243, USA",Dallas,TX,Managed IT,10,95,https://www.velocityit.net/,Dallas-Fort Worth,2026-06-15
Motion Recruitment,accessibility@motionrp.com,(469) 458-9486,"2323 Victory Ave #540, Dallas, TX 75219, USA",Dallas,TX,HR & Staffing,10,95,https://motionrecruitment.com/about/locations/dallas-fort-worth-it-staffing-recruiting?utm_source?utm_source=google-business&utm_medium=organic&utm_campaign=dallas,Dallas-Fort Worth,2026-06-15
Diverse Staffing Dallas,info@diversestaffing.com,(469) 986-2979,"3208 Belt Line Rd Ste 208, Dallas, TX 75234, USA",Dallas,TX,HR & Staffing,10,95,https://www.diversestaffing.com/,Dallas-Fort Worth,2026-06-15
Express Employment Professionals,jobs.dallastxwest@expresspros.com,(214) 637-5627,"2727 W Mockingbird Ln Ste 104, Dallas, TX 75235, USA",Dallas,TX,HR & Staffing,10,95,https://www.expresspros.com/us-texas-dallas-west,Dallas-Fort Worth,2026-06-15
"Magnum Staffing Services, Inc",inquiries@magnumstaffing.com,(713) 658-0068,"2500 E T C Jester Blvd #315, Houston, TX 77008, USA",Houston,TX,HR & Staffing,10,95,https://www.magnumstaffing.com/,Houston,2026-06-15
Focus People,you@company.com,(770) 937-0410,"2727 Paces Ferry Rd SE Bldg 2, Suite 1675, Atlanta, GA 30339, USA",Atlanta,GA,HR & Staffing,10,95,https://www.focuspeople.com/,Atlanta,2026-06-15
Austin Tenant Advisors,nathan@austintenantadvisors.com,(512) 861-0525,"1300 Guadalupe St #250, Austin, TX 78701, USA",Austin,TX,HR & Staffing,10,95,https://www.austintenantadvisors.com/,Austin,2026-06-15
High Profile Staffing,info@highprofilestaffing.com,(972) 991-7900,"17250 Dallas Pkwy, Dallas, TX 75248, USA",Dallas,TX,HR & Staffing,10,95,http://www.highprofilestaffing.com/,Dallas-Fort Worth,2026-06-15
Choice Specialists,example@domain.com,(214) 823-5057,"1341 W Mockingbird Ln Suit 600W, Dallas, TX 75247, USA",Dallas,TX,HR & Staffing,10,95,https://choicespecialists.com/,Dallas-Fort Worth,2026-06-15
Barclé Group Austin Vacation Rental Management,support@barclegroup.com,(512) 649-0177,"48 East Ave Ste #1201, Austin, TX 78701, USA",Austin,TX,HR & Staffing,10,95,http://www.barclegroup.com/,Austin,2026-06-15
Prodigy Resources,hello@prodigyr.com,(303) 297-7700,"950 S Cherry St Ste 410, Denver, CO 80246, USA",Denver,CO,HR & Staffing,10,95,https://www.prodigyr.com/,Denver,2026-06-15
T-Town Tech,contact@ttowntech.com,(918) 550-4849,"6846 S Canton Ave #110, Tulsa, OK 74136, USA",Tulsa,OK,Managed IT,10,95,http://ttowntech.com/,Tulsa,2026-06-15
Newave Solutions - Managed It Services,newavesolutionssales@newavesolutions.com,(918) 289-2093,"2405 E Skelly Dr, Tulsa, OK 74105, USA",Tulsa,OK,Managed IT,10,95,https://www.newavesolutions.com/,Tulsa,2026-06-15
Custom Workforce Solutions LLC,impallari@gmail.com,(214) 831-3396,"3295 S Cooper St #135, Arlington, TX 76015, USA",Dallas,TX,HR & Staffing,10,95,https://www.customworkforcesolutionsllc.com/,Dallas-Fort Worth,2026-06-15
Definitive Synergy POS Point of Sale System,defsynpool@gmail.com,(888) 407-6326,"5900 Balcones Dr Ste. 8847, Austin, TX 78731, USA",Austin,TX,Merchant Services,10,95,https://www.definitivesynergy.com/,Austin,2026-06-15
Casino Arizona Human Resources,boxofficesales@casinoaz.com,(480) 850-7777,"8900 E Chaparral Rd, Scottsdale, AZ 85250, USA",Phoenix,AZ,HR & Staffing,10,95,http://www.casinoarizona.com/,Phoenix,2026-06-15
Talent Groups,info@talentgroups.com,(972) 455-1000,"7800 Dallas Pkwy #300, Plano, TX 75024, USA",Dallas,TX,HR & Staffing,10,95,https://www.talentgroups.com/,Dallas-Fort Worth,2026-06-15
GTN Technical Staffing,ic_cybersecurity@2x.png,(214) 996-9400,"5151 Belt Line Rd Ste 700, Dallas, TX 75254, USA",Dallas,TX,HR & Staffing,10,95,https://www.gtntechnicalstaffing.com/,Dallas-Fort Worth,2026-06-15
Staffmark,askhr@staffmarkgroup.com,(303) 321-1139,"3401 Quebec St, Denver, CO 80207, USA",Denver,CO,HR & Staffing,10,95,https://staffmark.com/find-an-office/,Denver,2026-06-15
Avail,support@avail.co,(312) 292-9347,"901 E 6th St #500, Austin, TX 78702, USA",Austin,TX,HR & Staffing,10,95,https://www.avail.com/?channel=direct&utm_source=googlereviews&utm_medium=reviews&utm_campaign=brand&utm_content=availprofile,Austin,2026-06-15
CompuSolutionX,support@compusolutionx.com,(281) 733-3312,"1225 N Loop W Ste 216, Houston, TX 77008, USA",Houston,TX,Managed IT,10,95,https://www.compusolutionx.com/,Houston,2026-06-15
Jackson Technical,help@jacksontechnical.com,(918) 585-8324,"611 S Elgin Ave, Tulsa, OK 74120, USA",Tulsa,OK,Managed IT,10,95,http://www.jacksontechnical.com/,Tulsa,2026-06-15
ArcLight Group,shadow@2x.png,(918) 270-6600,"5272 S Lewis Ave Ste 150, Tulsa, OK 74105, USA",Tulsa,OK,Managed IT,10,95,https://arclightgroup.com/?utm_source=gbp,Tulsa,2026-06-15
Element Staffing,info@element-staffing.com,(832) 390-2592,"700 Louisiana St #3950, Houston, TX 77002, USA",Houston,TX,HR & Staffing,10,95,http://element-staffing.com/,Houston,2026-06-15
Burnett Specialists,example@domain.com,(713) 871-0838,"3411 Richmond Ave #650, Houston, TX 77046, USA",Houston,TX,HR & Staffing,10,95,https://www.burnettspecialists.com/,Houston,2026-06-15
Babich & Associates,jobs@babich.com,(214) 823-9999,"6030 E Mockingbird Ln, Dallas, TX 75206, USA",Dallas,TX,HR & Staffing,10,95,http://www.babich.com/,Dallas-Fort Worth,2026-06-15
Cheryl Garcia & Company,cgarcia@cherylgarciaco.com,(281) 833-3040,"2401 Fountain View Dr #610, Houston, TX 77057, USA",Houston,TX,HR & Staffing,10,95,http://www.cherylgarciaco.com/,Houston,2026-06-15
Global Recruiters of Denver,info@grndenver.com,(720) 617-7555,"4284 Hooker St, Denver, CO 80211, USA",Denver,CO,HR & Staffing,10,95,https://grndenver.com/,Denver,2026-06-15
Bay Property Management Group Austin,info@texasbmg.com,(512) 518-6890,"702 Rio Grande St Ste 307, Austin, TX 78701, USA",Austin,TX,HR & Staffing,10,95,https://texasbmg.com/areas-we-serve/property-management-in-austin-texas/,Austin,2026-06-15
KP Staffing,westhouston@kpstaffing.com,(346) 800-2010,"10780 Westview Dr G, Houston, TX 77043, USA",Houston,TX,HR & Staffing,10,95,https://www.kpstaffing.com/our-office-locations/west-houston-office/,Houston,2026-06-15
"Spectris Staffing Group, LLC",info@spectrisstaffing.com,(346) 219-2188,"3517 Irvington Blvd Ste 201, Houston, TX 77009, USA",Houston,TX,HR & Staffing,10,95,http://www.spectrisstaffing.com/,Houston,2026-06-15
All-Tex Staffing & Personnel Inc,info@alltexpersonnel.com,(713) 864-5000,"403 N Loop E Fwy, 13100 NW Freeway Suite 140, Houston, TX 77022, USA",Houston,TX,HR & Staffing,10,95,http://www.alltexpersonnel.com/,Houston,2026-06-15
Custom Computer Solutions,%20info@ccstek.com,(918) 973-0366,"7633 E 63rd Pl Suite 300B, Tulsa, OK 74133, USA",Tulsa,OK,Managed IT,10,95,https://ccstek.com/,Tulsa,2026-06-15
G&A Partners - Phoenix,info@gnapartners.com,(602) 932-9972,"4222 E Thomas Rd #120, Phoenix, AZ 85018, USA",Phoenix,AZ,HR & Staffing,10,95,https://www.gnapartners.com/locations/phoenix?utm_source=gmb&utm_medium=organic,Phoenix,2026-06-15
Expect Technical Staffing,chris@expectllc.com,(303) 946-3436,"232 N Broadway Unit 9, Denver, CO 80203, USA",Denver,CO,HR & Staffing,10,95,https://expectllc.com/,Denver,2026-06-15
Staff Force Personnel Services - Houston/Northwest,branch38@staff-force.com,(713) 690-9696,"13240 Hempstead Rd #224, Houston, TX 77040, USA",Houston,TX,HR & Staffing,10,95,http://www.staff-force.com/,Houston,2026-06-15
Elwood Staffing,recruiter.name@elwoodstaffing.com,(713) 932-9318,"1400 W Sam Houston Pkwy N Ste 105, Houston, TX 77043, USA",Houston,TX,HR & Staffing,10,95,https://www.elwoodstaffing.com/contact-us-and-locations/TX/Houston,Houston,2026-06-15
Inman Technologies | Managed IT Services & IT Support Company in Fort Worth,info@inmantechnologies.com,(682) 882-6348,"ITS, 1617 Park Pl Ave Suite 110, Fort Worth, TX 76110, USA",Dallas,TX,Managed IT,10,95,https://inmantechnologies.com/?utm_source=google&utm_medium=organic&utm_campaign=gmb,Dallas-Fort Worth,2026-06-15
Energize HR | Align Your Team. Achieve Your Vision.,ben@mccreamarketinggroup.com,(346) 249-7920,"825 Town & Country Ln Ste 1200, Houston, TX 77024, USA",Houston,TX,HR & Staffing,10,95,http://energizehr.com/,Houston,2026-06-15
"OmniForce Solutions, LLC",info@omniforcesolutions.com,(713) 487-7249,"909 Texas St #1701, Houston, TX 77002, USA",Houston,TX,HR & Staffing,10,95,http://www.omniforcesolutions.com/,Houston,2026-06-15
Frontline Source Group,corporate@frtline.com,(832) 371-6131,"700 Milam St #1300, Houston, TX 77002, USA",Houston,TX,HR & Staffing,10,95,https://www.frontlinesourcegroup.com/houston-downtown.html,Houston,2026-06-15
IT GOAT,info@itgoat.com,(833) 348-4628,"5005 Lyndon B Johnson Fwy Ste 1550, Dallas, TX 75244, USA",Dallas,TX,Managed IT,10,95,https://www.itgoat.com/?utm_source=gmb,Dallas-Fort Worth,2026-06-15
TalentWell,recruitment@talentwellcorp.com,(832) 984-9653,"609 Main St 25th floor, Houston, TX 77002, USA",Houston,TX,HR & Staffing,10,95,http://www.talentwellcorp.com/,Houston,2026-06-15
Liongard,peopleculture@liongard.com,(800) 332-0460,"4201 Main St Ste 200-102, Houston, TX 77002, USA",Houston,TX,Managed IT,10,95,https://www.liongard.com/,Houston,2026-06-15
High Country Search Group,me@gmail.com,(720) 221-9616,"900 E Louisiana Ave #201, Denver, CO 80210, USA",Denver,CO,HR & Staffing,10,95,http://www.highcountrysearch.com/,Denver,2026-06-15
Lakeshore Talent,info@lakeshoretalent.com,(303) 483-1100,"501 S Cherry St Suite 1100, Denver, CO 80246, USA",Denver,CO,HR & Staffing,10,95,http://www.lakeshoretalent.com/,Denver,2026-06-15
Professional Alternatives,employers@proalt.com,(713) 572-2100,"1800 W Loop S #1050, Houston, TX 77027, USA",Houston,TX,HR & Staffing,10,95,https://www.proalt.com/locations/houston/?utm_source=google&utm_medium=business+&utm_campaign=2026-locations-houston,Houston,2026-06-15
Katalism Cybersecurity - IT Support & Managed IT Services Dallas,sales@katalism.com,(469) 535-6400,"14114 Dallas Pkwy #230, Dallas, TX 75254, USA",Dallas,TX,Managed IT,10,95,https://katalism.com/,Dallas-Fort Worth,2026-06-15
Express Credit Auto Warranty Department,wecare@ecaautogroup.com,(405) 947-3120,"3042 W I 44 Service Rd, Oklahoma City, OK 73112, USA",Oklahoma City,OK,Merchant Services,10,95,http://www.expresscreditauto.com/,Oklahoma City,2026-06-15
Hunter+Sage,recruiter@hunterandsage.com,(832) 252-6600,"1800 W Loop S #1200, Houston, TX 77027, USA",Houston,TX,HR & Staffing,10,95,http://www.hunterandsage.com/,Houston,2026-06-15
"Action Credit, San Antonio 2",info@actioncredit.net,(210) 845-1161,"941 S General McMullen #103, San Antonio, TX 78237, USA",San Antonio,TX,Merchant Services,10,95,http://www.actioncredit.com/,San Antonio,2026-06-15
"Quality Labor Management LLC, Pheonix",info@myqlm.com,(623) 303-6674,"437 S 48th St Ste 107, Tempe, AZ 85281, USA",Phoenix,AZ,HR & Staffing,10,95,https://myqlm.com/our-locations/phoenix-arizona-construction-industrial-skilled-staffing/,Phoenix,2026-06-15
The Liberty Group,flags@2x.webp,(512) 225-1860,"9101 Burnet Rd #110, Austin, TX 78758, USA",Austin,TX,HR & Staffing,10,95,http://www.thelibertygroup.com/,Austin,2026-06-15
Citywide Staffing,eben@eyebytes.com,(303) 696-1400,"695 S Colorado Blvd, Denver, CO 80246, USA",Denver,CO,HR & Staffing,10,95,http://citywidestaffing.com/,Denver,2026-06-15
SMB Integrations,sales@smbintegrations.com,(713) 589-8555,"2100 W Loop S Suite 800, Houston, TX 77027, USA",Houston,TX,Managed IT,10,95,https://smbintegrations.com/,Houston,2026-06-15
Partners Personnel,shape@2x.png,(720) 994-4060,"10065 E Harvard Ave #805, Denver, CO 80231, USA",Denver,CO,HR & Staffing,10,95,https://www.partnerspersonnel.com/pj_locations/denver-co/,Denver,2026-06-15
Postcards-Direct LLC,monica@emokc.com,(405) 524-4004,"2716 N Pennsylvania Ave, Oklahoma City, OK 73107, USA",Oklahoma City,OK,Merchant Services,10,95,https://emokc.com/,Oklahoma City,2026-06-15
Aegis Security and Technology,service@aegissecurity.tech,(918) 500-4239,"8990 S Sheridan Rd suite b, Tulsa, OK 74133, USA",Tulsa,OK,Managed IT,10,95,https://aegissecurity.tech/,Tulsa,2026-06-15
AHS Staffing,marketing@ahsstaffing.com,(405) 509-6200,"3009 Astoria Ct, Edmond, OK 73034, USA",Oklahoma City,OK,HR & Staffing,10,95,http://www.ahsstaffing.com/,Oklahoma City,2026-06-15
Peak Performers,recruiter@peakperformers.org,(888) 275-6915,"4902 Grover Ave, Austin, TX 78756, USA",Austin,TX,HR & Staffing,10,95,https://www.peakperformers.org/,Austin,2026-06-15
Express Employment Professionals,jobs.austintxsouth@expresspros.com,(512) 416-6666,"802 W St Elmo Rd, Austin, TX 78745, USA",Austin,TX,HR & Staffing,10,95,https://www.expresspros.com/us-texas-austin-south,Austin,2026-06-15
Express Employment Professionals,jobs.denverco@expresspros.com,(303) 861-9100,"900 N Grant St #120, Denver, CO 80203, USA",Denver,CO,HR & Staffing,10,95,https://www.expresspros.com/us-colorado-denver-downtown,Denver,2026-06-15
Talent Corps,info@talentcorps.com,(512) 866-9500,"9811 S I-35 Frontage Rd Bldg 6 Suite 100, Austin, TX 78744, USA",Austin,TX,HR & Staffing,10,95,http://www.talentcorps.com/,Austin,2026-06-15
Staff Force Personnel Services - Austin,branch38@staff-force.com,(512) 458-5500,"4631 Airport Blvd #131, Austin, TX 78751, USA",Austin,TX,HR & Staffing,10,95,http://www.staff-force.com/,Austin,2026-06-15
Adecco Staffing,u003e@adeccogroup.com,(512) 454-5211,"2438 W Anderson Ln. Ste A-2, Austin, TX 78757, USA",Austin,TX,HR & Staffing,10,95,https://www.adecco.com/en-us/locations/texas/austin/adecco-staffing-austin-tx-adus_027673,Austin,2026-06-15
"ATI Solutions, Inc",hello@atisolutionsinc.com,(737) 301-9117,"1401 Lavaca St #579, Austin, TX 78701, USA",Austin,TX,HR & Staffing,10,95,https://atisolutionsinc.com/,Austin,2026-06-15
Accounting & Finance Professionals Inc.,recruiter@afprofessionals.com,(602) 306-4473,"410 N 44th St #145, Phoenix, AZ 85008, USA",Phoenix,AZ,HR & Staffing,10,95,http://www.afprofessionals.com/,Phoenix,2026-06-15
BrightMind Consulting Group,layer@2x.svg,(713) 844-8526,"2339 Commerce St Ste 183, Houston, TX 77002, USA",Houston,TX,Managed IT,10,95,https://brightmindconsultinggroup.com/,Houston,2026-06-15
Payment 1 Loans - Oklahoma City,okc@payment1.com,(405) 768-2181,"4636 S Pennsylvania Ave, Oklahoma City, OK 73119, USA",Oklahoma City,OK,Merchant Services,10,95,https://payment1.com/locations/personal-title-loans-oklahoma-city-ok/,Oklahoma City,2026-06-15
Scion Staffing,close_side_menu@2x.png,(512) 291-3199,"8120 Research Blvd Ste 105 #275, Austin, TX 78758, USA",Austin,TX,HR & Staffing,10,95,https://www.scionstaffingaustin.com/,Austin,2026-06-15
The A List Staffing,jobs@thealiststaffing.com,(512) 458-5271,"505 E Huntland Dr #190, Austin, TX 78752, USA",Austin,TX,HR & Staffing,10,95,http://www.thealiststaffing.com/,Austin,2026-06-15
Frontline Source Group,corporate@frtline.com,(512) 328-5627,"100 Congress Ave. Ste 2000, Austin, TX 78701, USA",Austin,TX,HR & Staffing,10,95,https://www.frontlinesourcegroup.com/austin.html,Austin,2026-06-15
American Gateways - San Antonio,erikag@americangateways.org,(210) 521-4768,"2300 W Commerce St #313, San Antonio, TX 78207, USA",San Antonio,TX,Merchant Services,10,95,http://www.americangateways.org/,San Antonio,2026-06-15
Money Services OKC,dave@lab6.com,(405) 521-0235,"109 NW 22nd St, Oklahoma City, OK 73103, USA",Oklahoma City,OK,Merchant Services,10,95,https://moneyservicesokc.com/,Oklahoma City,2026-06-15
Entourage Model and Talent Agency,entourageagency123@gmail.com,(210) 733-5007,"111 Congress Ave. Ste 500, Austin, TX 78701, USA",Austin,TX,HR & Staffing,10,95,http://www.entourageagency.com/,Austin,2026-06-15
Openwork,hi@openwork.com,(512) 921-9276,"3624 N Hills Dr # D-101, Austin, TX 78731, USA",Austin,TX,HR & Staffing,10,95,http://www.openwork.com/,Austin,2026-06-15
PRO EM National Event Services,jobs@proem.org,(480) 507-0999,"1450 E Grant St, Phoenix, AZ 85034, USA",Phoenix,AZ,HR & Staffing,10,95,https://proem.org/,Phoenix,2026-06-15
Employment Solutions,denver@employmentsolutions.com,(303) 455-4414,"2460 W 26th Ave #250c, Denver, CO 80211, USA",Denver,CO,HR & Staffing,10,95,https://employmentsolutions.com/,Denver,2026-06-15
Vanessa Gonzales - Gateway Mortgage,vanessa.gonzales@gatewayloan.com,(210) 794-9022,"70 NE Interstate 410 Loop Ste. 160, San Antonio, TX 78216, USA",San Antonio,TX,Merchant Services,10,95,https://www.gatewayfirst.com/locations-atms/vanessa-gonzales?utm_source=google&utm_medium=yext&utm_campaign=yext_referral,San Antonio,2026-06-15
Arrowhead Consulting | Business Consulting Tulsa,contactus@arrowheadconsulting.com,(918) 631-7321,"5314 S Yale Ave Suite 600, Tulsa, OK 74135, USA",Tulsa,OK,Managed IT,10,95,https://www.arrowheadconsulting.com/,Tulsa,2026-06-15
Staffmasters,keely.flores@staffmastersok.com,(405) 724-9893,"8816 S Pennsylvania Ave, Oklahoma City, OK 73159, USA",Oklahoma City,OK,HR & Staffing,10,95,http://www.staffmastersok.com/,Oklahoma City,2026-06-15
PWR Technologies,sales@pwrtechnologies.com,(469) 609-3537,"4131 N Central Expy Ste 900, Dallas, TX 75204, USA",Dallas,TX,Managed IT,10,95,https://www.pwrtechnologies.com/?utm_source=google&utm_medium=local&utm_campaign=1&utm_content=primary,Dallas-Fort Worth,2026-06-15
Texas Global Consulting,hr@texasglobalconsulting.org,(210) 670-5407,"1603 Babcock Rd #258, San Antonio, TX 78229, USA",San Antonio,TX,Managed IT,10,95,https://texasglobalconsulting.org/,San Antonio,2026-06-15
LeadingEdge Personnel,sat@leadingedgepersonnel.com,(512) 231-1888,"7800 N Mopac Expy Ste 320, Austin, TX 78759, USA",Austin,TX,HR & Staffing,10,95,http://www.leadingedgepersonnel.com/,Austin,2026-06-15
KP Staffing,fortworth@kpstaffing.com,(817) 831-0191,"3501 Airport Fwy, Fort Worth, TX 76111, USA",Dallas,TX,HR & Staffing,10,95,https://www.kpstaffing.com/our-office-locations/fort-worth-office/,Dallas-Fort Worth,2026-06-15
Paydayz Staffing Solutions-OKC Office,impallari@gmail.com,(405) 634-2222,"5224 S Western Ave, Oklahoma City, OK 73109, USA",Oklahoma City,OK,HR & Staffing,10,95,http://www.paydayzstaffing.com/,Oklahoma City,2026-06-15
Staff Force Personnel Services - Oklahoma City,branch38@staff-force.com,(405) 724-6300,"1413 W I-240 Service Road Ste D, Oklahoma City, OK 73159, USA",Oklahoma City,OK,HR & Staffing,10,95,https://staff-force.com/,Oklahoma City,2026-06-15
On Track Staffing,info@otstaffing.com,(405) 286-9414,"2601 Northwest Expy #110e, Oklahoma City, OK 73112, USA",Oklahoma City,OK,HR & Staffing,10,95,http://www.otstaffing.com/,Oklahoma City,2026-06-15
Redmond Growth Consulting,sales@redmondgrowth.com,(918) 298-7766,"110 S Hartford Ave Ste 2505, Tulsa, OK 74120, USA",Tulsa,OK,Managed IT,10,95,http://redmondgrowth.com/,Tulsa,2026-06-15
Horizon Hospitality,scott@horizonhospitality.com,(913) 897-3100,"6800 College Blvd Ste 400, Overland Park, KS 66211, USA",Kansas City,MO,HR & Staffing,10,95,http://www.horizonhospitality.com/,Kansas City,2026-06-15
Staff Management | SMX,verifications@trueblue.com,(816) 704-1177,"7008 Universal Ave, Kansas City, MO 64120, USA",Kansas City,MO,HR & Staffing,10,95,http://www.staffmanagement.com/,Kansas City,2026-06-15
NGNSYS,engitech@oceanthemes.net,(832) 626-5185,"2200 Post Oak Blvd Ste 1000, Houston, TX 77056, USA",Houston,TX,Managed IT,10,95,https://ngnsys.com/,Houston,2026-06-15
AZ HR Hub,linda@azhrhub.com,(480) 508-1627,"3133 W Frye Rd Ste 101, Chandler, AZ 85226, USA",Phoenix,AZ,HR & Staffing,10,95,https://azhrhub.com/,Phoenix,2026-06-15
InterPeak Technology Solutions,info@interpeakmsp.com,(918) 900-9919,"15045 S Elwood Ave Ste 105, Glenpool, OK 74033, USA",Tulsa,OK,Managed IT,10,95,https://www.techsolutions.cc/,Tulsa,2026-06-15
"Brick Staffing, LLC",info@brickstaffing.com,(844) 506-9358,"44 Cook St #100, Denver, CO 80206, USA",Denver,CO,HR & Staffing,10,95,http://www.brickstaffing.com/,Denver,2026-06-15
Alamo Heights Consulting,admin@ahconsultingtx.com,(832) 887-6717,"8626 Tesoro Dr, San Antonio, TX 78217, USA",San Antonio,TX,Managed IT,10,95,https://www.ahconsultingtx.com/about,San Antonio,2026-06-15
Xvand Technology Corporation,technologyconsult@xvand0.onmicrosoft.com,(713) 729-7400,"7457 Harwin Dr. Ste 200, Houston, TX 77036, USA",Houston,TX,Managed IT,10,95,http://www.xvand.com/,Houston,2026-06-15
5280 Staffing Solutions,tammy@5280staffing.com,(888) 486-5280,"4640 N Pecos St Unit B, Denver, CO 80211, USA",Denver,CO,HR & Staffing,10,95,http://www.5280staffing.com/,Denver,2026-06-15
1840 & Company,flags@2x.png,(913) 213-3650,"5440 W 110th St Building 2, Suite 300, Overland Park, KS 66211, USA",Kansas City,MO,HR & Staffing,10,95,https://www.1840andco.com/,Kansas City,2026-06-15
Employnet,info@employnet.com,(512) 591-0650,"7801 N Lamar Blvd Ste B-154, Austin, TX 78752, USA",Austin,TX,HR & Staffing,10,95,http://www.employnet.com/,Austin,2026-06-15
Box Talent Agency,bookings@boxtalent.com,(405) 360-2263,"7009 N Classen Blvd, Oklahoma City, OK 73116, USA",Oklahoma City,OK,HR & Staffing,10,95,http://www.boxtalent.com/,Oklahoma City,2026-06-15
Motion Recruitment Atlanta,accessibility@motionrp.com,(470) 582-9700,"3560 Lenox Rd NE #1275, Atlanta, GA 30326, USA",Atlanta,GA,HR & Staffing,10,95,https://motionrecruitment.com/about/locations/atlanta-it-staffing-recruiting?utm_source=google-business&utm_medium=organic&utm_campaign=atlanta,Atlanta,2026-06-15
Payment 1 Loans - Del City,delcity@payment1.com,(405) 672-5155,"4720 SE 29th St, Del City, OK 73115, USA",Oklahoma City,OK,Merchant Services,10,95,https://payment1.com/location/del-city/,Oklahoma City,2026-06-15
Employment & Training Centers,info@etchouston.com,(713) 439-7530,"2000 Bering Dr #150, Houston, TX 77057, USA",Houston,TX,HR & Staffing,10,95,http://etchouston.com/,Houston,2026-06-15
Archon Resources,istock-1477488658@2x.png,(405) 778-8050,"3030 Northwest Expy #850, Oklahoma City, OK 73112, USA",Oklahoma City,OK,HR & Staffing,10,95,http://www.archonresources.com/,Oklahoma City,2026-06-15
Spherion Staffing & Recruiting,aliwhitaker@spherion.com,(918) 971-5900,"8596 E 101st St S Suite C, Tulsa, OK 74133, USA",Tulsa,OK,HR & Staffing,10,95,https://www.spherion.com/our-offices/tulsa_1206/?utm_source=google&utm_medium=organic&utm_campaign=gmb-website,Tulsa,2026-06-15
Lever1,info@lever1.com,(816) 994-1300,"5200 Metcalf Ave Ste 300, Overland Park, KS 66202, USA",Kansas City,MO,HR & Staffing,10,95,http://www.lever1.com/,Kansas City,2026-06-15
"Quality Labor Management LLC, Austin",info@myqlm.com,(512) 608-3969,"11111 S I-35 Frontage Rd #105, Austin, TX 78747, USA",Austin,TX,HR & Staffing,10,95,https://myqlm.com/our-locations/austin-texas-construction-industrial-skilled-staffing-2/,Austin,2026-06-15
Barracuda Staffing and Consulting,info@barracudastaffing.com,(918) 488-0887,"802 W Main St Ste 105, Jenks, OK 74037, USA",Tulsa,OK,HR & Staffing,10,95,https://www.barracudastaffing.com/,Tulsa,2026-06-15
Trinity Employment Specialists,cory@trinityemployment.com,(918) 622-2588,"5416 S Yale Ave #205, Tulsa, OK 74135, USA",Tulsa,OK,HR & Staffing,10,95,http://www.trinityemployment.com/,Tulsa,2026-06-15
Stand-By Personnel - Skilled Division,resume@standbypersonnel.com,(918) 582-0522,"1531 E 2nd St S, Tulsa, OK 74120, USA",Tulsa,OK,HR & Staffing,10,95,https://www.standbypersonnel.com/skilled-division?utm_source=google&utm_medium=organic&utm_campaign=gmb,Tulsa,2026-06-15
Okie Staffing,impallari@gmail.com,(918) 505-1777,"5807 S Garnett Rd Ste F, Tulsa, OK 74146, USA",Tulsa,OK,HR & Staffing,10,95,http://www.okiestaffing.com/,Tulsa,2026-06-15
Oklahoma Staffing Specialists,info@oklahomastaffingspecialists.com,(918) 574-2292,"5649 S Mingo Rd Ste A, Tulsa, OK 74146, USA",Tulsa,OK,HR & Staffing,10,95,http://www.oklahomastaffingspecialists.com/,Tulsa,2026-06-15
Nesco Resource | Staffing Services,operations@nescoresource.com,(918) 259-1233,"4111 S Darlington Ave #520, Tulsa, OK 74135, USA",Tulsa,OK,HR & Staffing,10,95,http://nescoresource.com/,Tulsa,2026-06-15
Kansas City Managed IT,info@kansascityit.com,(816) 444-5085,"420 Bannister Rd Ste 400, Kansas City, MO 64131, USA",Kansas City,MO,Managed IT,10,95,https://kansascityit.com/?utm_source=gbp&utm_medium=organic&utm_id=ifocus,Kansas City,2026-06-15
Cirrus Payroll + HR,info@cirruspayroll.com,(918) 948-9923,"1874 S Boulder Ave, Tulsa, OK 74119, USA",Tulsa,OK,HR & Staffing,10,95,http://www.cirruspayroll.com/,Tulsa,2026-06-15
Tulsa's Green Country Staffing,bcozad@greencountrystaffing.com,(918) 250-9660,"6802 S Garnett Rd, Broken Arrow, OK 74012, USA",Tulsa,OK,HR & Staffing,10,95,http://www.greencountrystaffing.com/,Tulsa,2026-06-15
Advantage Tech,david@advantagetech.net,(913) 888-5050,"5330 College Blvd, Leawood, KS 66211, USA",Kansas City,MO,HR & Staffing,10,95,https://advantagetech.net/,Kansas City,2026-06-15
TechNeeqs - The Best Software Company Across USA,info@techneeqs.com,(336) 223-3131,"279 W Commerce St, Dallas, TX 75208, USA",Dallas,TX,Managed IT,10,95,http://www.techneeqs.com/,Dallas-Fort Worth,2026-06-15
Velo IT Group,you@company.com,(214) 214-8356,"750 North St. Paul Street #1100, Dallas, TX 75201, USA",Dallas,TX,Managed IT,10,95,https://www.velomethod.com/,Dallas-Fort Worth,2026-06-15
The Specialized Recruiting Group,phoenixazcentral@srgexpress.com,(602) 344-3110,"4001 N 3rd St #440, Phoenix, AZ 85012, USA",Phoenix,AZ,HR & Staffing,10,95,https://www.srgpros.com/us-arizona-phoenix-central,Phoenix,2026-06-15
"MDL Technology, LLC",info@mdltechnology.com,(816) 781-3006,"1600 Swift St Ste 300a, North Kansas City, MO 64116, USA",Kansas City,MO,Managed IT,10,95,https://www.mdltechnology.com/,Kansas City,2026-06-15
"HireQuest Direct - Kansas City, KS",kansascitykshqd@hirequestdirect.com,(913) 432-1200,"609 Central Ave, Kansas City, KS 66101, USA",Kansas City,MO,HR & Staffing,10,95,https://hirequestdirect.com/locations/hirequest-direct-kansas-city-ks,Kansas City,2026-06-15
Blue Oak Technology Solutions,support@blueoaktech.com,(816) 415-2310,"1529 Swift St, North Kansas City, MO 64116, USA",Kansas City,MO,Managed IT,10,95,https://www.blueoaktech.com/,Kansas City,2026-06-15
Valor Payroll Solutions,christina@valorpayrollsolutions.com,(918) 860-2708,"1408 S Denver Ave. Ste 427, Tulsa, OK 74119, USA",Tulsa,OK,HR & Staffing,10,95,https://valorpayrollsolutions.com/,Tulsa,2026-06-15
HireCall,jon.turner@hirecall.com,(918) 933-5555,"6506 S Lewis Ave Ste 115, Tulsa, OK 74136, USA",Tulsa,OK,HR & Staffing,10,95,http://www.hirecall.com/,Tulsa,2026-06-15
QPS Employment Group,kansascity@qpsemployment.com,(816) 278-1111,"405 E 19th Ave #2, North Kansas City, MO 64116, USA",Kansas City,MO,HR & Staffing,10,95,https://www.qpsemployment.com/locations/qps-kansas-city/,Kansas City,2026-06-15
Robert Half Recruiters & Employment Agency,sample@test.com,(877) 226-9735,"2375 E Camelback Rd Suite 290, Phoenix, AZ 85016, USA",Phoenix,AZ,HR & Staffing,10,95,https://www.roberthalf.com/us/en/locations/az-phoenix/2375-e-camelback-rd?utm_source=gmb_listing&utm_medium=organic&utm_campaign=local_listing,Phoenix,2026-06-15
Evernest Property Management Tulsa,support@evernest.co,(918) 290-4100,"233 S Detroit Ave #202, Tulsa, OK 74120, USA",Tulsa,OK,HR & Staffing,10,95,https://www.evernest.co/,Tulsa,2026-06-15
Sagiss,1_cta%20bg@2x-1.jpg,(214) 276-5976,"1616 Corporate Ct #140, Irving, TX 75038, USA",Dallas,TX,Managed IT,10,95,https://www.sagiss.com/,Dallas-Fort Worth,2026-06-15
Archon Resources,istock-1477488658@2x.png,(918) 508-7000,"6120 S Yale Ave #1225, Tulsa, OK 74136, USA",Tulsa,OK,HR & Staffing,10,95,https://www.archonresources.com/,Tulsa,2026-06-15
JoCo,jobs@joco.com,(918) 398-7593,"427 S Boston Ave, Tulsa, OK 74103, USA",Tulsa,OK,HR & Staffing,10,95,http://www.joco.com/,Tulsa,2026-06-15
Axcet HR Solutions,thelp@axcethr.com,(913) 383-2999,"10975 Grandview Dr Ste 200, Overland Park, KS 66210, USA",Kansas City,MO,HR & Staffing,10,95,https://www.axcethr.com/,Kansas City,2026-06-15
"Premier Staffing Solutions, LLC",info.resumepss@gmail.com,(913) 374-0797,"709 N 6th St, Kansas City, KS 66101, USA",Kansas City,MO,HR & Staffing,10,95,http://www.premierstaffingkc.com/,Kansas City,2026-06-15
Elwood Staffing,recruiter.name@elwoodstaffing.com,(816) 920-7660,"5506 N Antioch Rd, Kansas City, MO 64119, USA",Kansas City,MO,HR & Staffing,10,95,https://www.elwoodstaffing.com/contact-us-and-locations/MO/Kansas-City,Kansas City,2026-06-15
Adecco Staffing,u003e@adeccogroup.com,(816) 587-1233,"2427 Burlington St Ste 205, Kansas City, MO 64116, USA",Kansas City,MO,HR & Staffing,10,95,https://www.adecco.com/en-us/locations/missouri/kansas-city/adecco-staffing-kansas-city-mo-adus_020896,Kansas City,2026-06-15
"Vest Professional Placement Firm, LLC",recruiters@vestpros.com,(816) 282-6288,"12626 E US Hwy 40, Independence, MO 64055, USA",Kansas City,MO,HR & Staffing,10,95,http://www.vestpros.com/,Kansas City,2026-06-15
Clear way Consulting Services LLC,salesmanager@clearway-estates.com,(337) 591-1148,"401 E Sonterra Blvd Ste 313, San Antonio, TX 78258, USA",San Antonio,TX,Managed IT,10,95,http://clearwayuniversity.com/,San Antonio,2026-06-15
Express Employment Professionals,jobs.northlandkcmo@expresspros.com,(816) 994-2424,"301 Armour Rd, North Kansas City, MO 64116, USA",Kansas City,MO,HR & Staffing,10,95,https://www.expresspros.com/us-missouri-northland-kc,Kansas City,2026-06-15
Stand-by Personnel - Welding Division,weldingdivision@standbypersonnel.com,(918) 584-7018,"1531 E 2nd St S, Tulsa, OK 74120, USA",Tulsa,OK,HR & Staffing,10,95,https://www.standbypersonnel.com/welding-division?utm_source=google&utm_medium=organic&utm_campaign=gmb,Tulsa,2026-06-15
Labor Solutions of Kansas City,info@labor-solutions.com,(816) 221-0443,"1409 Swift St, North Kansas City, MO 64116, USA",Kansas City,MO,HR & Staffing,10,95,http://www.labor-solutions.com/,Kansas City,2026-06-15
Professional Oklahoma Educators,info@apoe.org,(405) 701-5990,"621 24th Ave SW, Norman, OK 73069, USA",Oklahoma City,OK,HR & Staffing,10,95,https://professionaloklahomaeducators.org/,Oklahoma City,2026-06-15
Staff Force Personnel Services - Phoenix,branch38@staff-force.com,(623) 471-9292,"8450 W McDowell Rd #105, Phoenix, AZ 85037, USA",Phoenix,AZ,HR & Staffing,10,95,http://staff-force.com/,Phoenix,2026-06-15
Workforce Solutions Capital Area (North),austinccs@wfscapitalarea.com,(512) 454-9675,"9001 N Interstate Hwy 35 Unit 110, Austin, TX 78753, USA",Austin,TX,HR & Staffing,10,95,http://www.wfscapitalarea.com/,Austin,2026-06-15
Lockbaud,connect@lockbaud.com,(816) 208-2888,"7667 NW Prairie View Rd Ste 206, Kansas City, MO 64151, USA",Kansas City,MO,Managed IT,10,95,https://lockbaud.com/,Kansas City,2026-06-15
"Peckham, Inc.",benefits@peckham.org,(877) 394-6501,"13450 N Black Cyn Hwy, Phoenix, AZ 85029, USA",Phoenix,AZ,HR & Staffing,10,95,http://www.peckham.org/,Phoenix,2026-06-15
Workforce Solutions Capital Area,austinccs@wfscapitalarea.com,(512) 381-4200,"3401 Webberville Rd #1000, Austin, TX 78702, USA",Austin,TX,HR & Staffing,10,95,http://www.wfscapitalarea.com/,Austin,2026-06-15
The Liberty Group,flags@2x.webp,(972) 458-7666,"5151 Belt Line Rd #420, Dallas, TX 75254, USA",Dallas,TX,HR & Staffing,10,95,http://www.thelibertygroup.com/,Dallas-Fort Worth,2026-06-15
ASAP Personnel Services,%20info@asapworksforme.com,(512) 648-2727,"3001 S Lamar Blvd #330, Austin, TX 78704, USA",Austin,TX,HR & Staffing,10,95,http://www.asapworksforme.com/?utm_campaign=gmb,Austin,2026-06-15
Skinner,payroll@eskinner.com,(214) 638-8044,"1500 Plantation Rd, Dallas, TX 75235, USA",Dallas,TX,HR & Staffing,10,95,http://www.skinneratwork.com/,Dallas-Fort Worth,2026-06-15
OKC House Buyers - Sell My House Fast OKC - We Buy Houses,icon-house-step1@2x.png,(405) 603-0779,"200 N Harvey Ave #1301, Oklahoma City, OK 73102, USA",Oklahoma City,OK,Merchant Services,10,95,https://www.okchousebuyers.com/,Oklahoma City,2026-06-15
Game 7 Staffing LLC,info@game7staffing.com,(512) 592-3900,"31 Navasota St Ste. 250, Austin, TX 78702, USA",Austin,TX,HR & Staffing,10,95,http://www.game7staffing.com/?utm_source=GMB&utm_medium=Organic,Austin,2026-06-15
Galaxy Payment Systems,info@galaxypaymentsystems.com,(281) 983-9000,"10101 Southwest Fwy Ste 300, Houston, TX 77074, USA",Houston,TX,Merchant Services,10,95,https://galaxypaymentsystems.com/,Houston,2026-06-15
SecureTech,info@getsecuretech.com,(210) 798-0889,"11220 W Loop 1604 N Bldg 1, San Antonio, TX 78254, USA",San Antonio,TX,Managed IT,10,95,https://www.getsecuretech.com/,San Antonio,2026-06-15
Moonshot Solutions,info@moonshot-solutions.com,(913) 318-8866,"9800 Metcalf Ave Suite 149, Overland Park, KS 66212, USA",Kansas City,MO,Managed IT,10,95,https://moonshot-solutions.com/?utm_source=local&utm_medium=organic&utm_campaign=gmb,Kansas City,2026-06-15
LaborNOW LLC,recruiting@labor-now.com,(832) 991-8196,"10643 Haddington Dr #150A, Houston, TX 77043, USA",Houston,TX,HR & Staffing,10,95,http://www.labor-now.com/,Houston,2026-06-15
Express Employment Professionals,jobs.bartlesvilleok@expresspros.com,(918) 746-4000,"4316 S Peoria Ave, Tulsa, OK 74105, USA",Tulsa,OK,HR & Staffing,10,95,https://www.expresspros.com/us-oklahoma-tulsa-west,Tulsa,2026-06-15
ISG Technology,insidesales@isgtech.com,(913) 826-6100,"12980 Metcalf Ave #550, Overland Park, KS 66213, USA",Kansas City,MO,Managed IT,10,95,http://www.isgtech.com/,Kansas City,2026-06-15
"UES Consulting Services, Inc.",info@uesconsulting.com,(816) 221-0627,"100 E 7 St #200, Kansas City, MO 64106, USA",Kansas City,MO,Managed IT,10,95,http://uesconsulting.com/,Kansas City,2026-06-15
OneSource Cloud Services,info@onesource.tech,(281) 990-4600,"18333 Egret Bay Blvd #501, Houston, TX 77058, USA",Houston,TX,Managed IT,10,95,https://www.onesource.tech/,Houston,2026-06-15
Express Employment Professionals,jobs.swphoenixaz@expresspros.com,(602) 458-9500,"3230 E Broadway Rd B-110, Phoenix, AZ 85040, USA",Phoenix,AZ,HR & Staffing,10,95,https://www.expresspros.com/us-arizona-phoenix-southwest,Phoenix,2026-06-15
Labor Finders Houston,houston@laborfinders.com,(713) 432-1314,"10050 Northwest Fwy, Houston, TX 77092, USA",Houston,TX,HR & Staffing,10,95,https://www.laborfinders.com/locations/tx/houston/21-9/,Houston,2026-06-15
Partners Personnel,shape@2x.png,(602) 635-6543,"1075 N 51st Ave Ste #105, Phoenix, AZ 85043, USA",Phoenix,AZ,HR & Staffing,10,95,https://www.partnerspersonnel.com/pj_locations/phoenix/,Phoenix,2026-06-15
Corporate Technologies | Kansas Managed IT Services Company,info@gocorptech.com,(913) 382-2823,"401 S Clairborne Rd #302, Olathe, KS 66062, USA",Kansas City,MO,Managed IT,10,95,https://gocorptech.com/managed-it-services-in-kansas/,Kansas City,2026-06-15
360 Payments,support@360payments.com,(855) 360-0360,"601 S Boulder Ave Ste 1400, Tulsa, OK 74119, USA",Tulsa,OK,Merchant Services,10,95,https://360payments.com/,Tulsa,2026-06-15
The Merchant Tulsa,volunteers@divicharity.com,(918) 260-6605,"605 S Peoria Ave, Tulsa, OK 74120, USA",Tulsa,OK,Merchant Services,10,95,http://www.themerchanttulsa.com/,Tulsa,2026-06-15
Payment 1 Loans - Tulsa,bestloans2@payment1.com,(918) 585-2468,"4946 E 21st St, Tulsa, OK 74114, USA",Tulsa,OK,Merchant Services,10,95,https://payment1.com/location/tulsa-e-21st-best-loans/,Tulsa,2026-06-15
Impeccable Credit Services,info@impeccablecreditservices.com,(281) 419-6811,"3100 Timmons Ln #145, Houston, TX 77027, USA",Houston,TX,Managed IT,10,95,http://www.impeccablecreditservices.com/,Houston,2026-06-15
"Cybersecurity & Strategic IT Services in Lenexa, KS | Onsite Logic",support@onsitelogic.com,(913) 851-7483,"8700 Monrovia #310, Lenexa, KS 66215, USA",Kansas City,MO,Managed IT,10,95,http://www.onsitelogic.com/,Kansas City,2026-06-15
PCG Systems,info@pcgsystems.com,(303) 529-2929,"600 17th St UNIT 2800, Denver, CO 80202, USA",Denver,CO,Managed IT,10,95,https://www.pcgsystems.com/,Denver,2026-06-15
Energy One Federal Credit Union,energyonefcu@imcovered.com,(918) 699-7100,"220 W 7th St, Tulsa, OK 74119, USA",Tulsa,OK,Merchant Services,10,95,http://www.energyone.org/,Tulsa,2026-06-15
ITGuys - Denver Managed IT Services Company,info@mynewitguys.com,(303) 578-6256,"1738 Wynkoop St #303, Denver, CO 80202, USA",Denver,CO,Managed IT,10,95,http://www.mynewitguys.com/,Denver,2026-06-15
TransGlobal Payment Systems,ajax-loader@2x.gif,(866) 808-2241,"2600 S Gessner Rd #504, Houston, TX 77063, USA",Houston,TX,Merchant Services,10,95,http://tgpayment.com/,Houston,2026-06-15
Space City Credit Union,service@spacecitycu.com,(713) 222-1244,"3101 Harrisburg Blvd, Houston, TX 77003, USA",Houston,TX,Merchant Services,10,95,http://spacecitycu.com/,Houston,2026-06-15
Vertex Solutions,info@vtxsolutions.com,(972) 338-9440,"400 E Las Colinas Blvd Ste 300, Irving, TX 75039, USA",Dallas,TX,HR & Staffing,10,95,https://vtxsolutions.com/,Dallas-Fort Worth,2026-06-15
Vensure Employer Solutions,ves-gradient-triangle-graphic-br@2x.png,(800) 409-8958,"1475 S Price Rd, Chandler, AZ 85286, USA",Phoenix,AZ,HR & Staffing,10,95,https://www.vensure.com/,Phoenix,2026-06-15
BridgeView - IT Consulting & Staffing,og-img-black@2x.png,(303) 532-4700,"575 Logan St, Denver, CO 80203, USA",Denver,CO,Managed IT,10,95,https://www.bridgeviewit.com/,Denver,2026-06-15
MSP Shift,info@mspshift.com,(303) 223-1595,"1312 17th St, Denver, CO 80202, USA",Denver,CO,Managed IT,10,95,https://mspshift.com/?utm_source=google&utm_medium=organic&utm_campaign=googlebusiness,Denver,2026-06-15
eCreek IT Solutions,contact@ecreekgroup.com,(720) 524-0250,"1385 S Colorado Blvd Ste A-200, Denver, CO 80222, USA",Denver,CO,Managed IT,10,95,https://www.ecreekit.com/,Denver,2026-06-15
"Constant Staffing, LLC",info@constantstaffing.net,(623) 247-2156,"5030 W McDowell Rd #41, Phoenix, AZ 85035, USA",Phoenix,AZ,HR & Staffing,10,95,http://constantstaffing.net/,Phoenix,2026-06-15
CyberStreams | Managed IT Services and IT Support Company Austin,help@cyberstreams.com,(512) 580-8126,"500 E St Johns Ave Ste 2.620, Austin, TX 78752, USA",Austin,TX,Managed IT,10,95,https://cyberstreams.com/austin-it-support?utm_source=gbp&utm_medium=gbp&utm_campaign=gbp_organic&utm_location=austin,Austin,2026-06-15
Vonlane Houston,passenger.service@vonlane.com,(832) 940-7324,"1200 Louisiana St, Houston, TX 77002, USA",Houston,TX,HR & Staffing,10,95,https://vonlane.com/,Houston,2026-06-15
SimpleFly Tech,ui@simpleflytech.com,(303) 222-0772,"1001 Bannock St Ste 406, Denver, CO 80204, USA",Denver,CO,Managed IT,10,95,https://simpleflytech.com/services/managed-it-services-denver/,Denver,2026-06-15
I&L Staffing,info@ilstaffing.us,(817) 682-8429,"4200 South Fwy #280, Fort Worth, TX 76115, USA",Dallas,TX,HR & Staffing,10,95,http://ilstaffing.us/,Dallas-Fort Worth,2026-06-15
7tech - Austin Managed IT Services Company,chosen-sprite@2x.png,(855) 598-6002,"7000 N Mopac Expy Second floor, Suite 275, Austin, TX 78731, USA",Austin,TX,Managed IT,10,95,https://www.7tech.com/managed-it-services-austin/,Austin,2026-06-15
TechProComp-Managed IT Services Company,support@techprocomp.com,(512) 488-1811,"7600 Chevy Chase Dr Ste 300, Austin, TX 78752, USA",Austin,TX,Managed IT,10,95,http://www.techprocomp.com/,Austin,2026-06-15
OneMain Financial,remodifications@onemainfinancial.com,(918) 272-7719,"1631 S Yale Ave Ste 3, Tulsa, OK 74112, USA",Tulsa,OK,Merchant Services,10,95,https://www.onemainfinancial.com/branches/OK/Tulsa/74112/1489?utm_source=google&utm_medium=local&utm_campaign=google-local,Tulsa,2026-06-15
GCS Technologies: IT Managed Services in Austin,gcs-icon-follow-linkedin@2x.png,(512) 249-6080,"12710 Research Blvd #365, Austin, TX 78759, USA",Austin,TX,Managed IT,10,95,http://www.gcstechnologies.com/,Austin,2026-06-15
Slalom Consulting,name@company.com,(303) 302-4500,"1899 Wynkoop St #800, Denver, CO 80202, USA",Denver,CO,Managed IT,10,95,https://www.slalom.com/,Denver,2026-06-15
Elective Staffing,click@electivestaffing.com,(210) 500-1713,"700 N St Mary's St, San Antonio, TX 78205, USA",San Antonio,TX,HR & Staffing,8,85,https://www.electivestaffing.com/,San Antonio,2026-06-15
Talent Executives Group,connect@talentexecutivesgroup.com,(972) 439-8302,"5 Cowboys Way Ste 300, Frisco, TX 75034, USA",Dallas,TX,HR & Staffing,8,85,https://www.talentexecutivesgroup.com/?utm_source=Gmb&utm_medium=Frisco&utm_campaign=organic,Dallas-Fort Worth,2026-06-15
"Sales Recruiters Dallas, Inc",info@salesrecruitersdallas.com,(214) 377-1352,"12222 Merit Dr Suite 130, Dallas, TX 75251, USA",Dallas,TX,HR & Staffing,8,85,https://salesrecruitersdallas.com/,Dallas-Fort Worth,2026-06-15
"Robins Consulting, LLC",email@example.com,(214) 432-8288,"14555 Dallas Pkwy suite 100, Dallas, TX 75254, USA",Dallas,TX,HR & Staffing,8,85,https://www.robinsconsulting.com/,Dallas-Fort Worth,2026-06-15
ExecuTech Search,eben@eyebytes.com,(214) 361-1881,"4122 Avondale Ave Apt 202, Dallas, TX 75219, USA",Dallas,TX,HR & Staffing,8,80,http://www.executechsearch.com/,Dallas-Fort Worth,2026-06-15
Modern Managed IT,contact@modernmanagedit.com,(210) 969-9979,"110 E Houston St 6th floor, San Antonio, TX 78205, USA",San Antonio,TX,Managed IT,8,75,https://www.modernmanagedit.com/services/,San Antonio,2026-06-15
APWU MPO Office,news@apwu.org,(214) 747-8522,"401 Dallas Fort Worth Turnpike, Dallas, TX 75260, USA",Dallas,TX,HR & Staffing,8,75,http://apwu.org/,Dallas-Fort Worth,2026-06-15
iTSC,info@itsc-tx.com,(210) 491-0009,"816 Camaron St #1.01, San Antonio, TX 78212, USA",San Antonio,TX,Managed IT,8,80,https://itsc-tx.com/,San Antonio,2026-06-15
Dura Software,info@dura.software,(210) 546-1972,"425 Soledad St Suite 400, San Antonio, TX 78205, USA",San Antonio,TX,Managed IT,8,80,http://dura.software/,San Antonio,2026-06-15
Y&L Consulting,solutions@ylconsulting.com,(210) 340-0098,"5750 Epsilon, San Antonio, TX 78249, USA",San Antonio,TX,HR & Staffing,8,75,http://www.ylconsulting.com/,San Antonio,2026-06-15
Diligent Consulting Inc,info@diligent-us.com,(210) 826-9300,"901 NE Interstate 410 Loop #600, San Antonio, TX 78209, USA",San Antonio,TX,Managed IT,8,80,https://www.diligent-us.com/,San Antonio,2026-06-15
"Resonant Technology Partners, LLC.",info@beresonant.com,(210) 477-3680,"16103 University Oak Suite 100, San Antonio, TX 78249, USA",San Antonio,TX,Managed IT,8,85,https://www.resonanttechnologypartners.com/,San Antonio,2026-06-15
OROBI | Cybersecurity Solutions,john@company.com,(866) 445-1370,"7550 I-10 Ste 800-1484, San Antonio, TX 78229, USA",San Antonio,TX,Managed IT,8,85,https://orobicyber.com/,San Antonio,2026-06-15
Net Servers - Managed Cloud and Dedicated Server Hosting,sales@netservers.com,(877) 473-6255,"218 E Ramsey Rd Ste A, San Antonio, TX 78216, USA",San Antonio,TX,Managed IT,8,80,http://www.netservers.com/,San Antonio,2026-06-15
CNF Technologies,info@cnftech.com,(210) 957-2800,"9415 Dugas Dr, San Antonio, TX 78245, USA",San Antonio,TX,Managed IT,8,85,https://cnftech.com/,San Antonio,2026-06-15
"LD3 Technology, LLC",sales@ld3tech.com,(210) 591-0101,"19141 Stone Oak Pkwy #104, San Antonio, TX 78258, USA",San Antonio,TX,Managed IT,8,85,http://www.ld3tech.com/,San Antonio,2026-06-15
"IPSecure, Inc",ipsecureinc@ipsecureinc.com,(210) 877-1111,"12001 Network Blvd Ste 200, San Antonio, TX 78249, USA",San Antonio,TX,Managed IT,8,85,https://www.ipsecureinc.com/,San Antonio,2026-06-15
IT in DFW - Managed IT Services Dallas Fort Worth,info@itindfw.com,(469) 868-2233,"1509 W Hebron Pkwy Ste. 150, Carrollton, TX 75010, USA",Dallas,TX,Managed IT,8,85,https://itindfw.com/,Dallas-Fort Worth,2026-06-15
Webhead Technologies,info@webheadtech.com,(210) 354-1661,"1710 N Main Ave, San Antonio, TX 78212, USA",San Antonio,TX,Managed IT,8,85,https://webheadtech.com/,San Antonio,2026-06-15
Morris Technology Solutions,sales@morristechnologysolutions.com,(210) 462-7774,"14400 Northbrook Dr #120, San Antonio, TX 78232, USA",San Antonio,TX,Managed IT,8,85,https://www.morristechnologysolutions.com/,San Antonio,2026-06-15
Employers Resource,u00a0boise@employersresource.com,(888) 638-4353,"1349 Empire Central Dr #360, Dallas, TX 75247, USA",Dallas,TX,HR & Staffing,8,80,http://www.employersresource.com/,Dallas-Fort Worth,2026-06-15
The One Payments,help@theonepayments.com,(210) 942-4259,"1529 Lee Hall St, San Antonio, TX 78201, USA",San Antonio,TX,Merchant Services,8,80,http://www.theonepayments.com/,San Antonio,2026-06-15
Buchanan Technologies - Managed IT Services Company Dallas,solutions@buchanan.com,(972) 869-3966,"3710 Rawlins St #1420, Dallas, TX 75219, USA",Dallas,TX,Managed IT,8,85,https://www.buchanan.com/locations/dallas/managed-it-services/,Dallas-Fort Worth,2026-06-15
LiftFund,jdelagarza@liftfund.com,(888) 215-2373,"2007 W Martin St, San Antonio, TX 78207, USA",San Antonio,TX,Merchant Services,8,85,https://www.liftfund.com/,San Antonio,2026-06-15
Account Services USA,info@accountservices-usa.com,(800) 777-5076,"1802 NE Interstate 410 Loop #400, San Antonio, TX 78217, USA",San Antonio,TX,Merchant Services,8,85,http://www.accountservices-usa.com/,San Antonio,2026-06-15
EFFORTS SOLUTIONS IT LLC,sales@effortz.com,(214) 894-3336,"110 N Akard St #1010, Dallas, TX 75201, USA",Dallas,TX,Managed IT,8,85,https://effortz.com/,Dallas-Fort Worth,2026-06-15
"Mentis Group, Inc.",sales@mentis-group.com,(214) 691-7800,"8330 Lyndon B Johnson Fwy #450, Dallas, TX 75243, USA",Dallas,TX,Managed IT,8,85,https://www.mentis-group.com/managed-it-dallas/,Dallas-Fort Worth,2026-06-15
Strive Enterprise,tari@damptodry.com,(210) 418-2885,"454 Soledad St Fl 3 Office 306, San Antonio, TX 78205, USA",San Antonio,TX,Merchant Services,8,85,https://striveenterprise.com/what-services-san-antonio-tx/,San Antonio,2026-06-15
PeopleReady,1429-br@peopleready.com,(972) 289-2225,"11617 N Central Expy Suite 262, Dallas, TX 75243, USA",Dallas,TX,HR & Staffing,8,85,https://www.peopleready.com/location/dallas-tx-21429/?utm_source=source_google_business&utm_medium=organic&utm_campaign=yext&utm_content=Dallas_TX_1429,Dallas-Fort Worth,2026-06-15
Agate IT Services,hello@agateit.org,(214) 230-5523,"1111 W Mockingbird Ln Ste 13-6, Dallas, TX 75247, USA",Dallas,TX,Managed IT,8,85,https://www.agateit.org/,Dallas-Fort Worth,2026-06-15
WFSDallas Pleasant Grove Workforce Center,info@wfsdallas.com,(469) 687-3400,"1125 Buckner Blvd, Dallas, TX 75217, USA",Dallas,TX,HR & Staffing,8,85,http://www.wfsdallas.com/,Dallas-Fort Worth,2026-06-15
Octify Technologies,ankur@octifytechnologies.com,(972) 591-8460,"325 North St. Paul Street #2710, Dallas, TX 75201, USA",Dallas,TX,Managed IT,8,85,https://octifytechnologies.com/,Dallas-Fort Worth,2026-06-15
PCA Technology Solutions,sales@pcatechsolutions.com,(469) 529-2334,"3500 Oak Lawn Ave Ste 460, Dallas, TX 75219, USA",Dallas,TX,Managed IT,8,85,https://pcatechsolutions.com/,Dallas-Fort Worth,2026-06-15
IT Business Consulting Dallas | IT Staffing Texas,info@ussoftllc.com,(214) 432-2464,"6565 N MacArthur Blvd #225, Irving, TX 75039, USA",Dallas,TX,HR & Staffing,8,80,http://ussoftllc.com/contact.php,Dallas-Fort Worth,2026-06-15
WFSDallas Grand Prairie Workforce Center,info@wfsdallas.com,(972) 264-5881,"801 State Hwy 161 #500, Grand Prairie, TX 75051, USA",Dallas,TX,HR & Staffing,8,85,http://www.wfsdallas.com/,Dallas-Fort Worth,2026-06-15
First Class Workforce Solutions,info@firstclassworkforce.com,(972) 980-4211,"1111 W Mockingbird Ln #1195, Dallas, TX 75247, USA",Dallas,TX,HR & Staffing,8,85,http://www.firstclassworkforce.com/,Dallas-Fort Worth,2026-06-15
POSNET Point Of Sale,sales@posnet.us,(818) 597-2627,"5200 Kanan Rd Unit 225, Agoura Hills, CA 91301, USA",San Antonio,TX,Merchant Services,8,80,http://www.posnet.us/,San Antonio,2026-06-15
Dallas College Workforce Center at RedBird,stephenpape@dallascollege.edu,(972) 238-6061,"3662 W Camp Wisdom Rd Ste 2065, Dallas, TX 75237, USA",Dallas,TX,HR & Staffing,8,80,https://www.dallascollege.edu/locations/redbird/?utm_source=local&utm_medium=organic&utm_campaign=gmb&utm_content=rbwc,Dallas-Fort Worth,2026-06-15
360 Consulting,info@360consultingdfw.com,(817) 800-9546,"3010 Lyndon B Johnson Fwy #1200, Dallas, TX 75234, USA",Dallas,TX,Managed IT,8,85,http://www.360consultingdfw.com/,Dallas-Fort Worth,2026-06-15
"Blackswan Cybersecurity, LLC",contact@blackswancybersecurity.com,(855) 255-7926,"13717 Neutron Rd, Dallas, TX 75244, USA",Dallas,TX,Managed IT,8,80,https://blackswan-cybersecurity.com/,Dallas-Fort Worth,2026-06-15
Sundance Payment Solutions by Deluxe,info@sundancepayment.com,(888) 201-1750,"100 Throckmorton St #250, Fort Worth, TX 76102, USA",Dallas,TX,Merchant Services,8,85,https://sundancepayment.com/,Dallas-Fort Worth,2026-06-15
BlueKey IT Services,info@bluekeyit.com,(817) 947-5382,"325 North St. Paul Street Ste 3100, Dallas, TX 75201, USA",Dallas,TX,Managed IT,8,80,https://bluekeyit.com/it-support-dallas/?utm_source=gmb&utm_medium=organic&utm_campaign=dallas,Dallas-Fort Worth,2026-06-15
Network Elites,info@networkelites.com,(972) 999-8390,"8080 N Central Expy #1700, Dallas, TX 75206, USA",Dallas,TX,Managed IT,8,85,https://www.networkelites.com/,Dallas-Fort Worth,2026-06-15
Bolt Resources,info@boltresources.net,(469) 905-2658,"3106 Commerce St Ste 13, Dallas, TX 75226, USA",Dallas,TX,HR & Staffing,8,85,http://www.boltresources.net/,Dallas-Fort Worth,2026-06-15
Merchantwide,ozment@ozmentmedia.com,(469) 200-0317,"5717 Legacy Dr Ste 250 2122, Plano, TX 75024, USA",Dallas,TX,Merchant Services,8,85,https://merchantwide.com/,Dallas-Fort Worth,2026-06-15
Datalink Bankcard Services Company,datalink-mob@500px.png,(800) 694-7999,"3505 Token Dr, Richardson, TX 75082, USA",Dallas,TX,Merchant Services,8,85,https://www.datalinkonline.net/,Dallas-Fort Worth,2026-06-15
Signature Card Processing,info@signaturecardprocessing.com,(214) 585-8712,"8350 N Central Expy 1872 Suite, Dallas, TX 75206, USA",Dallas,TX,Merchant Services,8,80,https://signaturecardprocessing.com/,Dallas-Fort Worth,2026-06-15
Kinetic Technology Group,%20info@kinetictg.com,(214) 269-1200,"1409 Botham Jean Blvd Ste 1022, Dallas, TX 75215, USA",Dallas,TX,Managed IT,8,85,https://kinetictg.com/,Dallas-Fort Worth,2026-06-15
SignaPay,isosupport@signapay.com,(800) 944-1399,"6440 N Belt Line Rd #125, Irving, TX 75063, USA",Dallas,TX,Merchant Services,8,85,http://www.signapay.com/,Dallas-Fort Worth,2026-06-15
Cloud Infra IT Solutions,info@cloudinfraitsolutions.com,(940) 577-7599,"2727 Lyndon B Johnson Fwy Ste 314-7, Farmers Branch, TX 75234, USA",Dallas,TX,Managed IT,8,85,http://www.cloudinfraitsolutions.com/,Dallas-Fort Worth,2026-06-15
OneSource Cloud,name@company.com,(469) 248-5503,"900 N Dorothy Dr, Richardson, TX 75081, USA",Dallas,TX,Managed IT,8,85,https://www.onesourcecloud.net/,Dallas-Fort Worth,2026-06-15
CLOUDINFRAIT INC,info@cloudinfrait.com,(214) 663-7826,"2727 Lyndon B Johnson Fwy #220, Farmers Branch, TX 75234, USA",Dallas,TX,HR & Staffing,8,85,https://www.cloudinfrait.com/,Dallas-Fort Worth,2026-06-15
Cloud Ladder Consulting,info@cloudladderconsulting.com,(972) 652-0046,"6565 N MacArthur Blvd #225, Irving, TX 75039, USA",Dallas,TX,Managed IT,8,80,http://www.cloudladderconsulting.com/,Dallas-Fort Worth,2026-06-15
NETdepot - Managed IT Services Houston,group-96@2x.png,(281) 942-2800,"708 Main St 10th Floor, Houston, TX 77002, USA",Houston,TX,Managed IT,8,80,https://netdepot.com/managed-it-services-houston/,Houston,2026-06-15
Roots Payment Solutions,info@rootspay.us,(888) 874-1827,"17218 Preston Rd Ste 2150, Dallas, TX 75252, USA",Dallas,TX,Merchant Services,8,85,https://rootspay.us/,Dallas-Fort Worth,2026-06-15
True Payment Solution,info@truepaymentsolution.com,(972) 944-7500,"2527 Royal Ln Ste 102, Dallas, TX 75229, USA",Dallas,TX,Merchant Services,8,80,https://www.truepaymentsolution.com/,Dallas-Fort Worth,2026-06-15
"I.T. Matters, Inc. | Managed IT Services & Outsourced IT Support Company in Houston, Texas",info@itmattersinc.com,(281) 280-8500,"3740 Greenbriar Dr #980277, Houston, TX 77098, USA",Houston,TX,Managed IT,8,85,https://www.itmattersinc.com/?utm_source=gbp&utm_medium=gbp&utm_campaign=gbp_organic,Houston,2026-06-15
Praetorian Payments,micah@micahrich.com,(800) 964-0024,"329 Oaks Trail Ste 209, Garland, TX 75043, USA",Dallas,TX,Merchant Services,8,85,http://www.praetorianpayments.com/,Dallas-Fort Worth,2026-06-15
Gateway Property Buyers,gatewayhome@gmail.com,(866) 271-2961,"14330 Midway Rd Ste 230, Farmers Branch, TX 75244, USA",Dallas,TX,Merchant Services,8,80,http://gatewaypropertybuyers.com/,Dallas-Fort Worth,2026-06-15
Octaria Software Development,you@company.com,(832) 791-1157,"1801 Main St Suite 1356, Houston, TX 77002, USA",Houston,TX,Managed IT,8,85,https://octaria.com/,Houston,2026-06-15
Metroplex Pos,micah@micahrich.com,(972) 632-7546,"1202 E Arapaho Rd Ste 136, Richardson, TX 75081, USA",Dallas,TX,Merchant Services,8,85,https://metroplexpos.com/,Dallas-Fort Worth,2026-06-15
Trango Tech - Dynamics 365 Consultant Houston,microsoft@trangotech.com,(408) 850-4747,"2929 Allen Pkwy Ste 200, Houston, TX 77019, USA",Houston,TX,Managed IT,8,80,https://enterprise.trangotech.com/microsoft-dynamics-365-partner-houston/?utm_source=Google&utm_medium=GMB-Houston&utm_campaign=GMB,Houston,2026-06-15
MSP PRO TECH,support@mspprotech.com,(713) 325-0836,"2839 N Main St #104, Stafford, TX 77477, USA",Houston,TX,Managed IT,8,85,https://mspprotech.com/,Houston,2026-06-15
Workforce Solutions for North Central Texas,planoworkforce@dfwjobs.com,(469) 229-0099,"1101 Resource Dr #100, Plano, TX 75074, USA",Dallas,TX,HR & Staffing,8,85,https://www.dfwjobs.com/find-a-workforce-center/plano-workforce-center,Dallas-Fort Worth,2026-06-15
Ultimate Tech Support,info@ultimatetechsupport.com,(832) 982-0303,"6250 Westpark Dr Ste 133, Houston, TX 77057, USA",Houston,TX,Managed IT,8,85,https://ultimatetechsupport.com/,Houston,2026-06-15
MPS @Home Tech Support,header.@home.gif,(281) 201-5913,"700 Milam St #1300, Houston, TX 77002, USA",Houston,TX,Managed IT,8,80,http://www.myphonesupport.com/houston/?utm_medium=display&utm_campaign=gplaces&utm_medium=Houston,Houston,2026-06-15
Bain & Company,dan.pinkney@bain.com,(713) 469-4600,"845 Texas Ave Ste 3700, Houston, TX 77002, USA",Houston,TX,Managed IT,8,85,https://www.bain.com/offices/houston/?utm_medium=organic&utm_source=googlemybusiness&utm_campaign=gmb-gmb-listing-evg&utm_content=houston,Houston,2026-06-15
Action Point Consultancy,map@2x-1.png,(832) 384-8339,"1000 Main St Ste 2300D, Houston, TX 77002, USA",Houston,TX,Managed IT,8,85,https://actionpointconsultancy.com/,Houston,2026-06-15
BSBCON America,info@bsbcon.com,(888) 880-1898,"440 Louisiana St #900, Houston, TX 77002, USA",Houston,TX,Managed IT,8,85,https://www.bsbcon.com/us/,Houston,2026-06-15
Techcess CyberSecurity Group,support@techcessgroup.com,(833) 892-9237,"The ERGOS Building, 6110 Clarkson Ln, Houston, TX 77055, USA",Houston,TX,Managed IT,8,80,https://www.techcesscyber.com/,Houston,2026-06-15
Opportune LLP,sme@opportune.com,(713) 490-5050,"711 Louisiana St #3100, Houston, TX 77002, USA",Houston,TX,Managed IT,8,85,http://opportune.com/,Houston,2026-06-15
Alliant Cybersecurity,info@alliantcybersecurity.com,(844) 898-3280,"3009 Post Oak Blvd #1500, Houston, TX 77056, USA",Houston,TX,Managed IT,8,80,https://www.alliantcybersecurity.com/,Houston,2026-06-15
Allthenticate,name@email.com,(813) 693-1337,"808 Travis St STE 310, Third Floor, Houston, TX 77002, USA",Houston,TX,Managed IT,8,80,http://www.allthenticate.com/,Houston,2026-06-15
DYOPATH Houston - Managed IT & Cybersecurity,solutions@dyopath.com,(713) 485-7000,"13430 Northwest Fwy #1000, Houston, TX 77040, USA",Houston,TX,Managed IT,8,85,https://dyopath.com/,Houston,2026-06-15
5 Factor Technology,information@office.com,(281) 340-3347,"4201 Main St Suite 200-151, Houston, TX 77002, USA",Houston,TX,Managed IT,8,85,http://www.5factortech.com/,Houston,2026-06-15
CAMS Bluewire Technology LLC,sales@bluewiretech.com,(713) 358-9790,"910 Louisiana St Ste 2400, Houston, TX 77002, USA",Houston,TX,Managed IT,8,85,https://www.bluewiretech.com/,Houston,2026-06-15
Cloudlogically,cloudsales@cloudlogically.com,(512) 910-5255,"4201 Main St suite 500, Houston, TX 77002, USA",Houston,TX,Managed IT,8,80,https://www.cloudlogically.com/,Houston,2026-06-15
Focus Merchants Services,info@focusmerchants.com,(713) 435-8400,"9703 Richmond Ave #110, Houston, TX 77042, USA",Houston,TX,Merchant Services,8,80,http://www.focusmerchants.com/,Houston,2026-06-15
CloudStreet Salesforce Services,info@cloudstreet.ai,(713) 570-6585,"2441 Bartlett St, Houston, TX 77098, USA",Houston,TX,Managed IT,8,80,https://cloudstreet.ai/,Houston,2026-06-15
Five Star Merchants Services,ajax-loader@2x.gif,(713) 784-3600,"2600 S Gessner Rd #504, Houston, TX 77063, USA",Houston,TX,Merchant Services,8,85,http://www.fivestarmerchant.com/,Houston,2026-06-15
Harris County Federal Credit Union,hcfcu@hcfcu.com,(713) 755-5160,"1400 Franklin St, Houston, TX 77002, USA",Houston,TX,Merchant Services,8,85,http://www.hcfcu.com/,Houston,2026-06-15
CloudPano,support@cloudpano.com,(281) 801-9119,"1301 Fannin St #2440, Houston, TX 77002, USA",Houston,TX,Managed IT,8,85,https://www.cloudpano.com/,Houston,2026-06-15
Cloud Botics Consultancy,info@cloudboticsconsultancy.com,(346) 504-8502,"1880 S Dairy Ashford Rd, Houston, TX 77077, USA",Houston,TX,Managed IT,8,80,https://cloudboticsconsultancy.com/,Houston,2026-06-15
CloudEnd Platform Inc,hr@thecloudend.com,(909) 375-1818,"5757 Woodway Dr #308, Houston, TX 77057, USA",Houston,TX,Managed IT,8,80,https://thecloudend.com/,Houston,2026-06-15
ALCON DTS - Managed IT Services,sales@alcondts.com,(512) 892-6900,"5900 Balcones Dr Unit 240, Austin, TX 78731, USA",Austin,TX,Managed IT,8,85,https://alcondts.com/,Austin,2026-06-15
US Cash Advance,service@env-uscashadvance-compliance.kinsta.cloud,(346) 658-1597,"801 Capitol St #300, Houston, TX 77002, USA",Houston,TX,Merchant Services,8,85,https://cash-advance.us/locations/texas/houston/801-capitol-st/?utm_source=google&utm_medium=gmb&utm_campaign=0038050,Houston,2026-06-15
Loan For Any Purpose,support@loanforanypurpose.com,(281) 238-5670,"2106 Dallas St Ste 301, Houston, TX 77003, USA",Houston,TX,Merchant Services,8,85,https://loanforanypurpose.com/locations/texas/houston/2106-dallas-st/?utm_source=google&utm_medium=gmb&utm_campaign=0033211,Houston,2026-06-15
ZT Payments,test@mail.com,(855) 754-8371,"1535 W Loop S #450, Houston, TX 77027, USA",Houston,TX,Merchant Services,8,80,https://www.ztpayments.com/,Houston,2026-06-15
AcePay,contact@getacepay.com,(877) 680-4223,"10701 Corporate Dr Ste # 150 Suite 138, Stafford, TX 77477, USA",Houston,TX,Merchant Services,8,85,https://www.getacepay.com/,Houston,2026-06-15
iTecs,sales-inquiry@itecsonline.com,(737) 400-4505,"1500 W 38th St #46, Austin, TX 78731, USA",Austin,TX,Managed IT,8,80,https://itecsonline.com/,Austin,2026-06-15
Preactive IT Solutions,info@preactiveit.com,(512) 812-7227,"2505 E 6th St Ste C, Austin, TX 78702, USA",Austin,TX,Managed IT,8,85,https://www.preactiveit.com/austin-it-service/,Austin,2026-06-15
Ant Financial Tech,antsfintech@gmail.com,(832) 268-7777,"13480 Veterans Memorial Dr Ste C -1, Houston, TX 77014, USA",Houston,TX,Merchant Services,8,80,https://antsfintech.com/,Houston,2026-06-15
Complete IT,service@completeit.com,(512) 674-4134,"2520 S I-35 Frontage Rd Ste 204, Austin, TX 78704, USA",Austin,TX,Managed IT,8,80,https://www.completeit.com/,Austin,2026-06-15
"Phonetic Consulting Services, Inc.",hr@phoneticconsulting.com,(512) 489-6014,"13809 Research Blvd Ste 500, Austin, TX 78750, USA",Austin,TX,Managed IT,8,80,https://phoneticconsulting.com/,Austin,2026-06-15
Thinktiv,siemens-blk@2x.png,(512) 745-8100,"1011 San Jacinto Blvd #202, Austin, TX 78701, USA",Austin,TX,Managed IT,8,80,http://www.thinktiv.com/,Austin,2026-06-15
Idea Labs Consulting,info@idealabsconsulting.com,(512) 775-6097,"5900 Balcones Dr Suit 100, Austin, TX 78731, USA",Austin,TX,Managed IT,8,85,http://www.idealabsconsulting.com/,Austin,2026-06-15
Cooper Consulting,cooper@cooperconsulting.com,(512) 527-1000,"1705 Crossing Pl #101A, Austin, TX 78741, USA",Austin,TX,Managed IT,8,80,http://cooperconsulting.com/,Austin,2026-06-15
Primotech - AI Development & Consulting Company,contact@primotech.com,(657) 337-7466,"602 Kinney Ave, Austin, TX 78704, USA",Austin,TX,Managed IT,8,80,https://www.primotech.com/,Austin,2026-06-15
Endless POS,rtazani@gmail.com,(832) 509-3585,"Williams Tower, 2800 Post Oak Blvd Ste 4100, Houston, TX 77056, USA",Houston,TX,Merchant Services,8,75,http://www.endlesspos.com/,Houston,2026-06-15
BlueRadius Cyber,info@blueradius.io,(800) 930-0989,"401 Congress Ave., Austin, TX 78701, USA",Austin,TX,Managed IT,8,85,https://blueradius.io/locations/cybersecurity-services-in-austin-tx/,Austin,2026-06-15
Houston Pos,info@myposhouston.com,(832) 717-1502,"3033 Chimney Rock Rd Ste 509, Houston, TX 77056, USA",Houston,TX,Merchant Services,8,80,http://houstonpos.com/,Houston,2026-06-15
Framework Security,contact@frameworksecurity.com,(800) 947-2937,"901 S MoPac Expy Bldg 1, Suite 300-#7874, Austin, TX 78746, USA",Austin,TX,Managed IT,8,80,https://frameworksec.com/,Austin,2026-06-15
SpyCloud,john@spycloud.com,(800) 513-2502,"2130 S Congress Ave, Austin, TX 78704, USA",Austin,TX,Managed IT,8,85,https://spycloud.com/,Austin,2026-06-15
Integrate Cyber,chris@fusioo.design,(512) 400-5242,"108 Wild Basin Rd S Suite 250, Austin, TX 78746, USA",Austin,TX,Managed IT,8,85,https://integratecyber.com/,Austin,2026-06-15
The Critical Update Inc,support@tcuinc.net,(512) 336-2970,"1144 Airport Blvd Ste. 260, Austin, TX 78702, USA",Austin,TX,Managed IT,8,85,https://www.thecriticalupdate.com/,Austin,2026-06-15
MK POS,info@mkpos.com,(281) 825-3008,"6315B FM 1488, Magnolia, TX 77354, USA",Houston,TX,Merchant Services,8,85,https://www.mkpos.com/,Houston,2026-06-15
ASI Security Partners,sales@asi-securitypartners.com,(855) 603-8116,"106 E 6th St, Austin, TX 78701, USA",Austin,TX,Managed IT,8,80,https://asi-securitypartners.com/,Austin,2026-06-15
NPOS Solutions,nationalpospaper@gmail.com,(713) 885-5543,"13831 Northwest Fwy #110, Houston, TX 77040, USA",Houston,TX,Merchant Services,8,80,http://npos-solutions.com/,Houston,2026-06-15
Crux Cloud Consulting,info@cruxcloudconsulting.com,(713) 715-9065,"1401 Lavaca St #186, Austin, TX 78701, USA",Austin,TX,Managed IT,8,80,http://www.cruxcloudconsulting.com/,Austin,2026-06-15
Merchant Broker Services,natalie@merchantbrokerservices.com,(512) 957-9279,"2110 Ranch Rd 620 S, Austin, TX 78734, USA",Austin,TX,Merchant Services,8,85,https://merchantbrokerservices.com/,Austin,2026-06-15
Titanium Payments,info@titaniumpayments.com,(877) 972-0700,"111 Congress Ave. Ste 400, Austin, TX 78701, USA",Austin,TX,Merchant Services,8,85,http://www.titaniumpayments.com/,Austin,2026-06-15
Comprehensive Care Connect Staffing,contact@cccmedstaffing.com,(855) 749-3255,"10228 E NW Hwy, Dallas, TX 75238, USA",Dallas,TX,HR & Staffing,8,80,http://cccmedstaffing.com/,Dallas-Fort Worth,2026-06-15
Dolce Vita It Solutions,marketing@dvits.net,(405) 822-7912,"3030 Northwest Expy Ste 300, Oklahoma City, OK 73112, USA",Oklahoma City,OK,Managed IT,8,85,https://www.dvits.net/,Oklahoma City,2026-06-15
Empower IT Services,info@empoweritok.com,(405) 810-6060,"2801 Coltrane Pl #3, Edmond, OK 73034, USA",Oklahoma City,OK,Managed IT,8,85,https://www.empoweritok.com/,Oklahoma City,2026-06-15
Degarmo Technologies,info@degarmo.tech,(405) 266-5311,"1624 Greenbriar Pl #400, Oklahoma City, OK 73159, USA",Oklahoma City,OK,Managed IT,8,85,https://degarmo.tech/,Oklahoma City,2026-06-15
"Summit IT Solutions, LLC",customercare@summitsecureit.com,(405) 509-6594,"500 Enterprise Dr, Edmond, OK 73013, USA",Oklahoma City,OK,Managed IT,8,85,https://summitsecureit.com/,Oklahoma City,2026-06-15
"Summit Technology Group, LLC",contactus@stgok.com,(405) 601-9879,"9429 W Reno Ave, Oklahoma City, OK 73127, USA",Oklahoma City,OK,Managed IT,8,80,http://www.stgok.com/,Oklahoma City,2026-06-15
Xcel Office Solutions - Managed IT Oklahoma,info@xceloffice.com,(405) 748-4222,"3121 Lakeside Dr, Oklahoma City, OK 73179, USA",Oklahoma City,OK,Managed IT,8,85,http://www.xceloffice.com/,Oklahoma City,2026-06-15
"1st Commercial Credit, LLC",raul@1stcommercialcredit.com,(512) 215-4759,"6500 River Pl Blvd Bldg 7, Suite 250, Austin, TX 78730, USA",Austin,TX,Merchant Services,8,85,https://www.1stcommercialcredit.com/,Austin,2026-06-15
Deep Fork Technology,support@deepforktechnology.com,(405) 421-0644,"4232 NW 23rd St, Oklahoma City, OK 73107, USA",Oklahoma City,OK,Managed IT,8,85,https://deepforktechnology.com/,Oklahoma City,2026-06-15
ITSOFT LLC,info@technofy.com,(425) 830-4000,"6015 NW 120th Ct #6, Oklahoma City, OK 73162, USA",Oklahoma City,OK,Managed IT,8,80,https://itsoft.com/,Oklahoma City,2026-06-15
BirdDog Software Corporation,johndoe@gmail.com,(405) 794-5950,"8277 S Walker Ave, Oklahoma City, OK 73139, USA",Oklahoma City,OK,Managed IT,8,85,http://www.birddogsw.com/,Oklahoma City,2026-06-15
Stephanie Fredrickson - Gateway Mortgage,stephanie.fredrickson@gatewayloan.com,(512) 717-0314,"211 E 7th St #635, Austin, TX 78701, USA",Austin,TX,Merchant Services,8,80,https://www.gatewayfirst.com/locations-atms/stephanie-fredrickson?utm_source=google&utm_medium=yext&utm_campaign=yext_referral,Austin,2026-06-15
John Roach - Gateway Mortgage,john.roach@gatewayloan.com,(512) 717-0325,"211 E 7th St #635, Austin, TX 78701, USA",Austin,TX,Merchant Services,8,85,https://www.gatewayfirst.com/locations-atms/john-roach?utm_source=google&utm_medium=yext&utm_campaign=yext_referral,Austin,2026-06-15
Stonebridge Consulting,info@sbconsulting.com,(713) 220-8000,"101 Park Ave Suite 1050, Oklahoma City, OK 73102, USA",Oklahoma City,OK,Managed IT,8,80,http://www.sbconsulting.com/,Oklahoma City,2026-06-15
Vudu Consulting,contact@vuduconsulting.com,(405) 600-7066,"211 N Robinson Ave #840N, Oklahoma City, OK 73102, USA",Oklahoma City,OK,Managed IT,8,80,http://vuduconsulting.com/,Oklahoma City,2026-06-15
Rattan Consulting,favicon-apple-iphone@2x-8.png,(405) 810-8005,"4334 Northwest Expy #259, Oklahoma City, OK 73116, USA",Oklahoma City,OK,Managed IT,8,85,http://rattanconsulting.com/,Oklahoma City,2026-06-15
Anautics Inc,info@anautics.com,(405) 594-3965,"17 NW 6th St, Oklahoma City, OK 73102, USA",Oklahoma City,OK,Managed IT,8,80,https://www.anautics.com/,Oklahoma City,2026-06-15
Alias Cybersecurity & Digital Forensics,agent@aliascybersecurity.com,(405) 261-9517,"4308 Grant Blvd, Yukon, OK 73099, USA",Oklahoma City,OK,Managed IT,8,85,http://www.aliascybersecurity.com/,Oklahoma City,2026-06-15
We The People Consulting,asset-2@4x-100x100.png,(405) 443-3161,"228 SW 25th St, Oklahoma City, OK 73109, USA",Oklahoma City,OK,Managed IT,8,80,http://www.wethepeople-consulting.com/,Oklahoma City,2026-06-15
Tier One IT Services,contact@tierone.digital,(405) 896-9244,"2776 Washington Dr #100, Norman, OK 73069, USA",Oklahoma City,OK,Managed IT,8,80,https://tierone.digital/,Oklahoma City,2026-06-15
Oklahoma Office of Homeland Security,info@okohs.ok.gov,(405) 425-7296,"3600 N Martin Luther King Ave Bldg 10, Oklahoma City, OK 73111, USA",Oklahoma City,OK,Managed IT,8,80,http://www.ok.gov/homelandsecurity,Oklahoma City,2026-06-15
Corporate Technologies | Oklahoma Managed IT Services Company,info@gocorptech.com,(918) 347-1847,"3303 S Harvard Ave Ste D, Tulsa, OK 74135, USA",Tulsa,OK,Managed IT,8,85,https://gocorptech.com/managed-it-services-in-tulsa-ok/,Tulsa,2026-06-15
Simple Technology Solutions - Managed IT Services,info@simpletulsa.com,(918) 973-1099,"1111 N 161st E Ave, Tulsa, OK 74116, USA",Tulsa,OK,Managed IT,8,85,https://simpletulsa.com/,Tulsa,2026-06-15
Merchant Services of Oklahoma,micah@micahrich.com,(918) 852-4181,"1408 S Denver Ave., Tulsa, OK 74119, USA",Oklahoma City,OK,Merchant Services,8,80,https://merchantservicesofoklahoma.com/,Oklahoma City,2026-06-15
Accountable Healthcare Staffing,hr@accountablehealthcare.com,(888) 853-0979,"3301 Airport Fwy Ste 340, Bedford, TX 76021, USA",Dallas,TX,HR & Staffing,8,80,http://www.ahcstaff.com/,Dallas-Fort Worth,2026-06-15
Abney Global,ruby.longfield@secureittulsa.com,(918) 200-9605,"624 S Denver Ave. #300A, Tulsa, OK 74119, USA",Tulsa,OK,Managed IT,8,80,https://secureittulsa.com/,Tulsa,2026-06-15
Rise Concepts,info@riseconcepts.com,(405) 921-9075,"4312 N Classen Blvd, Oklahoma City, OK 73118, USA",Oklahoma City,OK,Merchant Services,8,80,http://riseconcepts.com/,Oklahoma City,2026-06-15
Managed Outsource Solutions,info@managedoutsource.com,(800) 670-2809,"8596 E 101st St S H, Tulsa, OK 74133, USA",Tulsa,OK,Managed IT,8,85,http://www.managedoutsource.com/,Tulsa,2026-06-15
SEQTEK,templates@wavesdesign.io,(918) 493-7200,"12 N Cheyenne Ave Ste 324, Tulsa, OK 74103, USA",Tulsa,OK,Managed IT,8,85,http://seqtek.com/,Tulsa,2026-06-15
Oklahoma Department of Consumer Credit,okstate@okdocc.ok.gov,(405) 521-3653,"629 NE 28th St, Oklahoma City, OK 73105, USA",Oklahoma City,OK,Merchant Services,8,80,https://www.ok.gov/okdocc/About_Us/Contact_us/index.html,Oklahoma City,2026-06-15
Sooner Payments,%20info@soonerpayments.com,(405) 393-8685,"12220 N MacArthur Blvd, Oklahoma City, OK 73162, USA",Oklahoma City,OK,Merchant Services,8,80,http://soonerpayments.com/,Oklahoma City,2026-06-15
Velocigo,support@velocigo.com,(918) 921-7500,"1419 E 41st Pl Ste 100, Tulsa, OK 74105, USA",Tulsa,OK,Managed IT,8,80,https://velocigo.com/,Tulsa,2026-06-15
Misok,helpdesk@misok.com,(918) 234-9991,"5930 E 31st St, Tulsa, OK 74135, USA",Tulsa,OK,Managed IT,8,85,http://www.misok.com/,Tulsa,2026-06-15
Momentum3,info@momentum3.biz,(918) 863-8770,"5314 S Yale Ave Ste 420, Tulsa, OK 74135, USA",Tulsa,OK,Managed IT,8,85,https://momentum3.biz/,Tulsa,2026-06-15
Matrixforce,matrixforce@matrixforce.com,(918) 622-1167,"9810 E 42nd St #209, Tulsa, OK 74146, USA",Tulsa,OK,Managed IT,8,85,https://www.matrixforce.com/,Tulsa,2026-06-15
Clear Winds Technologies Inc,sales@clearwinds.net,(918) 340-6555,"5401 S Harvard Ave, Tulsa, OK 74135, USA",Tulsa,OK,Managed IT,8,85,https://www.clearwinds.net/oklahoma-it-company/,Tulsa,2026-06-15
CS3 Technology,gcrouch@cs3technology.com,(918) 496-1600,"5272 S Lewis Ave Suite 100, Tulsa, OK 74105, USA",Tulsa,OK,Managed IT,8,80,https://www.cs3technology.com/,Tulsa,2026-06-15
CamTech MSP,support@camtechmsp.com,(918) 212-8868,"2416 W Detroit St, Broken Arrow, OK 74012, USA",Tulsa,OK,Managed IT,8,85,http://www.camtechmsp.com/,Tulsa,2026-06-15
The 20 MSP,inbound@the20.com,(918) 770-8738,"1800 S Elm Pl, Broken Arrow, OK 74012, USA",Tulsa,OK,Managed IT,8,85,https://www.the20msp.com/,Tulsa,2026-06-15
Peak UpTime,help@peakuptime.com,(800) 797-8388,"1516 S Boston Ave Ste 211, Tulsa, OK 74119, USA",Tulsa,OK,Managed IT,8,80,http://www.peakuptime.com/,Tulsa,2026-06-15
Swipe OK,info@swipeok.com,(405) 289-6552,"3750 W Main St, Norman, OK 73072, USA",Oklahoma City,OK,Merchant Services,8,80,https://swipeok.com/,Oklahoma City,2026-06-15
21 Solutions,build@21solutions.io,(918) 370-0362,"12 N Cheyenne Ave #319, Tulsa, OK 74103, USA",Tulsa,OK,Managed IT,8,80,https://21solutions.io/,Tulsa,2026-06-15
The Persimmon Group,info@thepersimmongroup.com,(918) 592-4121,"11 E 5th St, Tulsa, OK 74103, USA",Tulsa,OK,Managed IT,8,85,http://www.thepersimmongroup.com/,Tulsa,2026-06-15
Ace Consulting Digital Marketing,adam@aceconsult.co,(918) 212-0098,"12 N Cheyenne Ave Office 135, Tulsa, OK 74103, USA",Tulsa,OK,Managed IT,8,85,https://aceconsult.co/ace-consulting-tulsa/#,Tulsa,2026-06-15
"City of Oklahoma City, Finance and Information Technology",action.center@okc.gov,(405) 297-2303,"100 N Walker Ave Ste 600, Oklahoma City, OK 73102, USA",Oklahoma City,OK,Merchant Services,8,80,http://www.okc.gov/,Oklahoma City,2026-06-15
OK Smartpay,amanda@oksmartpay.com,(405) 286-2798,"4513 N Classen Blvd, Oklahoma City, OK 73118, USA",Oklahoma City,OK,Merchant Services,8,85,http://www.oksmartpay.com/,Oklahoma City,2026-06-15
NetMicron,micah@micahrich.com,(918) 777-7221,"10404 E 55th Pl Ste X, Tulsa, OK 74146, USA",Tulsa,OK,Managed IT,8,80,https://netmicron.com/,Tulsa,2026-06-15
Gateway Land Services,info@gateway-land.com,(405) 755-8837,"1200 NW 63rd St Ste 301, Oklahoma City, OK 73116, USA",Oklahoma City,OK,Merchant Services,8,80,http://www.gateway-land.com/,Oklahoma City,2026-06-15
Better Business Bureau Serving Central Oklahoma,service@interactiveblue.com,(405) 239-6081,"17 S Dewey Ave, Oklahoma City, OK 73102, USA",Oklahoma City,OK,Merchant Services,8,85,https://www.bbb.org/local-bbb/better-business-bureau-of-central-oklahoma,Oklahoma City,2026-06-15
SHOP Companies,shop@shopcompanies.com,(405) 806-7600,"301 NW 13th St Ste 201, Oklahoma City, OK 73103, USA",Oklahoma City,OK,Merchant Services,8,85,http://www.shopcompanies.com/,Oklahoma City,2026-06-15
Industrial Tenant Group,info@itgcre.com,(405) 500-7070,"101 Park Ave suite 1300, Oklahoma City, OK 73102, USA",Oklahoma City,OK,Merchant Services,8,80,https://www.industrialtenantgroup.com/,Oklahoma City,2026-06-15
Symmetric IT Group | Kansas City | Cybersecurity & Managed IT Services,info@symmetricgroup.com,(816) 587-7878,"111 W 10th St, Kansas City, MO 64105, USA",Kansas City,MO,Managed IT,8,80,https://www.symmetricgroup.com/,Kansas City,2026-06-15
Standley Systems,info@standleys.com,(405) 224-0819,"26 E Main St, Oklahoma City, OK 73104, USA",Oklahoma City,OK,Merchant Services,8,85,https://standleys.com/,Oklahoma City,2026-06-15
Schraad Sales & Marketing,patrick.thompson@schraadinc.com,(405) 528-3327,"10 NW 6th St, Oklahoma City, OK 73102, USA",Oklahoma City,OK,Merchant Services,8,80,http://www.schraadinc.com/,Oklahoma City,2026-06-15
TakeControl IT - Managed IT & Cybersecurity Services in Kansas,info@takecontrolit.com,(913) 660-0697,"5440 W 110th St Ste 300, Overland Park, KS 66211, USA",Kansas City,MO,Managed IT,8,85,https://www.takecontrolit.com/,Kansas City,2026-06-15
A-List Apartment Staffing,alistapartmentstaffing@gmail.com,(972) 707-4400,"11615 Forest Central Dr #321, Dallas, TX 75243, USA",Dallas,TX,HR & Staffing,8,85,http://www.alistapartmentstaffing.com/,Dallas-Fort Worth,2026-06-15
Leasing & Etc. LLC,information@leasingandetc.com,(214) 819-8002,"701 Commerce St #605, Dallas, TX 75202, USA",Dallas,TX,HR & Staffing,8,75,http://www.leasingandetc.com/,Dallas-Fort Worth,2026-06-15
OXEN Tech,hello@oxen.tech,(913) 675-2840,"435 Nichols Rd Second Floor, Suite 275, Kansas City, MO 64112, USA",Kansas City,MO,Managed IT,8,80,https://oxen.tech/managed-it-services-kansas-city/,Kansas City,2026-06-15
Crema,hello@crema.us,+15948395973,"2101 Broadway Blvd #11, Kansas City, MO 64108, USA",Kansas City,MO,Managed IT,8,80,https://www.crema.us/?utm_source=google&utm_medium=organic&utm_campaign=GMB,Kansas City,2026-06-15
Viagio Technologies,inquiries@viagiotech.com,(816) 226-6217,"9237 Ward Pkwy #300, Kansas City, MO 64114, USA",Kansas City,MO,Managed IT,8,85,https://viagiotech.com/?edlink=ypgvb9qo,Kansas City,2026-06-15
Tricension,info@tricension.com,(888) 485-1920,"1251 NW Briarcliff Pkwy Ste 295, Kansas City, MO 64116, USA",Kansas City,MO,Managed IT,8,85,https://www.tricension.com/,Kansas City,2026-06-15
Tenfold Security,sales@tenfoldsecurity.com,(913) 361-0357,"511 Delaware St Ste 50, Kansas City, MO 64105, USA",Kansas City,MO,Managed IT,8,85,https://www.tenfoldsecurity.com/,Kansas City,2026-06-15
Depth Security,info@depthsecurity.com,(816) 299-4123,"2131 Washington St, Kansas City, MO 64108, USA",Kansas City,MO,Managed IT,8,85,https://www.depthsecurity.com/,Kansas City,2026-06-15
Aspis Consulting,info@aspis.us,(816) 533-5509,"1106 E 30th St Ste M, Kansas City, MO 64109, USA",Kansas City,MO,Managed IT,8,80,http://aspis.consulting/,Kansas City,2026-06-15
Cyderes,connect@cyderes.com,(855) 404-8324,"13323 Holmes Rd, Kansas City, MO 64145, USA",Kansas City,MO,Managed IT,8,85,https://www.cyderes.com/?utm_source=google&utm_medium=organic&utm_campaign=gbp-kansas-city,Kansas City,2026-06-15
Cash Finance-Tulsa,info@ndiscovered.com,(918) 584-1091,"801 S Detroit Ave # A, Tulsa, OK 74120, USA",Tulsa,OK,Merchant Services,8,75,https://cashfinancetulsa.com/,Tulsa,2026-06-15
LoDo IT,brandon@lodoit.com,(303) 530-5636,"1800 Wazee St Ste 300, Denver, CO 80202, USA",Denver,CO,Managed IT,8,85,https://lodoit.com/,Denver,2026-06-15
Zerolimit Consulting,info@zerolimitconsulting.com,(855) 521-0141,"110 16th St Mall Ste 1400 163, Denver, CO 80202, USA",Denver,CO,Managed IT,8,80,https://zerolimitconsulting.com/,Denver,2026-06-15
Xtb Solutions,info@xtbsolutions.com,(469) 277-2707,"110 16th St Mall 14th floor, Denver, CO 80202, USA",Denver,CO,Managed IT,8,80,https://xtb.solutions/,Denver,2026-06-15
Panorama Consulting Group,info@panorama-consulting.com,(720) 515-1377,"2000 S Colorado Blvd Tower 1, Suite 2000-407, Denver, CO 80222, USA",Denver,CO,Managed IT,8,80,https://www.panorama-consulting.com/,Denver,2026-06-15
Business Network Consulting,helpdesk@bncsystems.com,(303) 782-9090,"450 E 17th Ave Unit 300, Denver, CO 80203, USA",Denver,CO,Managed IT,8,85,https://www.bncsystems.com/,Denver,2026-06-15
Netirio,sales@netirio.com,(303) 284-3566,"1055 Auraria Pkwy #100, Denver, CO 80204, USA",Denver,CO,Managed IT,8,85,https://netirio.com/,Denver,2026-06-15
Envision IT Partners,info@envisionitpartners.com,(303) 370-1111,"2480 W 26th Ave Ste b-250, Denver, CO 80211, USA",Denver,CO,Managed IT,8,80,http://www.envisionitpartners.com/,Denver,2026-06-15
Gateway Mortgage,tina.johnson@gatewayloan.com,(918) 291-4656,"1717 N Peoria Ave Ste 11, Tulsa, OK 74106, USA",Tulsa,OK,Merchant Services,8,80,https://www.gatewayfirst.com/locations-atms/tulsa-community-mortgage-center-ok?utm_source=google&utm_medium=yext&utm_campaign=yext_referral,Tulsa,2026-06-15
BCT Consulting - IT Support Denver,losangelesit12@gmail.com,(720) 452-9200,"5130 E 18th Ave, Denver, CO 80220, USA",Denver,CO,Managed IT,8,85,https://bctconsulting.com/it-support-denver/,Denver,2026-06-15
Trango Tech - Mobile App development Company Denver,abc@example.com,(833) 442-2270,"1999 N Broadway #3600, Denver, CO 80202, USA",Denver,CO,Managed IT,8,80,https://locations.trangotech.com/app-development-denver/,Denver,2026-06-15
Casey Beeman - Gateway First Bank,digitalsupport@gatewayfirst.com,(918) 255-7017,"6120 S Yale Ave Ste 108, Tulsa, OK 74136, USA",Tulsa,OK,Merchant Services,8,80,http://www.gatewayfirst.com/?utm_source=google&utm_medium=yext&utm_campaign=yext_referral,Tulsa,2026-06-15
Gateway First Bank - Tulsa,digitalsupport@gatewayfirst.com,(918) 392-8527,"6120 S Yale Ave, Tulsa, OK 74136, USA",Tulsa,OK,Merchant Services,8,80,https://www.gatewayfirst.com/locations-atms/tulsa-ok?utm_source=google&utm_medium=yext&utm_campaign=yext_referral,Tulsa,2026-06-15
K1C Consulting LLC,info@k1c.us,(303) 900-2832,"621 Kalamath St #67, Denver, CO 80204, USA",Denver,CO,Managed IT,8,80,https://www.k1c.us/,Denver,2026-06-15
Full Velocity Consulting,info@fullvelocity.com,(720) 341-2558,"1900 Wazee St #300, Denver, CO 80202, USA",Denver,CO,Managed IT,8,85,https://www.fullvelocity.com/,Denver,2026-06-15
Simple Shipping Containers,info@simpleshippingcontainers.com,(918) 297-8977,"741 E Archer St, Tulsa, OK 74120, USA",Tulsa,OK,Merchant Services,8,85,https://www.simpleshippingcontainers.com/,Tulsa,2026-06-15
"Ensight Energy Consulting, LLC",info@ensightenergyllc.com,(720) 648-6554,"1245 Champa St, Denver, CO 80204, USA",Denver,CO,Managed IT,8,80,http://ensightenergyllc.com/,Denver,2026-06-15
Anthem Business Solutions,resume@anthembus.com,(918) 294-1777,"1919 N Willow Ave, Broken Arrow, OK 74012, USA",Tulsa,OK,Merchant Services,8,80,http://www.anthembus.com/payment-systems-check,Tulsa,2026-06-15
"Blue Sky Supply, Inc",info@blueskysupply.net,(918) 599-9100,"18 N Maybelle Ave, Tulsa, OK 74127, USA",Tulsa,OK,Merchant Services,8,85,http://www.blueskysupply.net/,Tulsa,2026-06-15
Iron Aegis,secureme@ironaegis.com,(303) 646-8801,"983 E 73rd Ave, Denver, CO 80229, USA",Denver,CO,Managed IT,8,85,https://www.ironaegis.com/,Denver,2026-06-15
Commerce Bank Visa Account Maintenance,commercialdisputes@commercebank.com,(800) 892-7104,"811 Main St, Kansas City, MO 64105, USA",Kansas City,MO,Merchant Services,8,80,https://www.controlpayadvanced.com/Contact.aspx,Kansas City,2026-06-15
Red Canary,info@redcanary.com,(855) 977-0686,"1601 19th St Ste 900, Denver, CO 80202, USA",Denver,CO,Managed IT,8,85,https://www.redcanary.com/,Denver,2026-06-15
Pillar Payments,partners@pillarpayments.com,(262) 339-3803,"8101 College Blvd, Overland Park, KS 66210, USA",Kansas City,MO,Merchant Services,8,80,http://pillarpayments.com/,Kansas City,2026-06-15
Imperial PFS,op_fade_graphic@2x-1.png,(800) 255-6316,"1055 Broadway Blvd 11th Floor, Kansas City, MO 64105, USA",Kansas City,MO,Merchant Services,8,75,https://ipfs.com/,Kansas City,2026-06-15
OneMain Financial,remodifications@onemainfinancial.com,(816) 942-9644,"1154 103rd St, Kansas City, MO 64114, USA",Kansas City,MO,Merchant Services,8,85,https://www.onemainfinancial.com/branches/MO/Kansas-City/64114/3936?utm_source=google&utm_medium=local&utm_campaign=google-local,Kansas City,2026-06-15
CyberGarten,cybergarten@outlook.com,(303) 923-5261,"The, 700 14th St, Denver, CO 80202, USA",Denver,CO,Managed IT,8,80,https://www.cybergarten.com/,Denver,2026-06-15
"Essential IT Services, Inc - Kansas IT Support & Managed Services",icon-google@2x.png,(316) 710-5447,"3333 W Harry St Ste 105, Wichita, KS 67213, USA",Wichita,KS,Managed IT,8,85,http://www.essentialits.com/,Wichita,2026-06-15
"Pileus Technologies | IT Services & Managed IT Support | Wichita, Kansas",sales@pileustech.com,(316) 350-7101,"800 E 1st St N Ste 390, Wichita, KS 67202, USA",Wichita,KS,Managed IT,8,85,http://www.pileustech.com/,Wichita,2026-06-15
Soteria Technology Solutions,help@heysoteria.com,(316) 448-7944,"1815 E Central Ave, Wichita, KS 67214, USA",Wichita,KS,Managed IT,8,85,http://www.heysoteria.com/,Wichita,2026-06-15
Lisala Computer Systems,pc@lisalapc.com,(316) 871-9231,"345 Riverview St Ste 100, Wichita, KS 67203, USA",Wichita,KS,Managed IT,8,85,http://www.lisalapc.com/,Wichita,2026-06-15
"POSIM, LLC",sales@posim.com,(800) 409-7678,"11230 College Blvd, Overland Park, KS 66210, USA",Kansas City,MO,Merchant Services,8,75,http://www.posim.com/,Kansas City,2026-06-15
Summit Advisors IT,chosen-sprite@2x.png,(316) 247-3150,"9415 E Harry St Ste 301, Wichita, KS 67207, USA",Wichita,KS,Managed IT,8,85,https://www.summitadvisorsit.com/,Wichita,2026-06-15
Port KC,info@portkc.flywheelsites.com,(816) 559-3750,"Berkley Pkwy, Kansas City, MO 64120, USA",Kansas City,MO,Merchant Services,8,85,http://www.portkc.com/,Kansas City,2026-06-15
Innovative Cloud Technologies,info@ictkansas.com,(316) 789-6357,"914 W Douglas Ave, Wichita, KS 67203, USA",Wichita,KS,Managed IT,8,85,https://www.ictkansas.com/,Wichita,2026-06-15
OXEN Technology,hello@oxen.tech,(888) 296-3619,"8406 W Maple St, Wichita, KS 67209, USA",Wichita,KS,Managed IT,8,80,https://oxen.tech/,Wichita,2026-06-15
Midwest Business Technology LLC,needhelp@ostech.com,(316) 444-0203,"7803 E Osie St Ste 111 & 112, Wichita, KS 67207, USA",Wichita,KS,Managed IT,8,85,http://midwestbit.com/,Wichita,2026-06-15
Topcon Solutions Store,softwaresupport@topconsolutions.com,(816) 842-1433,"1700 Cherry St, Kansas City, MO 64108, USA",Kansas City,MO,Merchant Services,8,85,http://topconsolutions.com/,Kansas City,2026-06-15
POS.com,helpdesk@pos.com,(888) 860-8988,"333 W 39th St 7th Floor, New York, NY 10018, USA",Kansas City,MO,Merchant Services,8,85,https://www.pos.com/,Kansas City,2026-06-15
"Perceptive Technology, LLC",support@perceptivetek.com,(316) 285-9387,"9111 E Douglas Ave #104, Wichita, KS 67207, USA",Wichita,KS,Managed IT,8,80,https://perceptivetek.com/,Wichita,2026-06-15
"Cornerstone Data, Inc",website@cornerstonedata.com,(316) 337-5617,"127 S Washington Ave, Wichita, KS 67202, USA",Wichita,KS,Managed IT,8,80,http://www.cornerstonedata.com/,Wichita,2026-06-15
Spring Venture Group,info@springventuregroup.com,(844) 487-7900,"120 W 12th St Ste 1700, Kansas City, MO 64105, USA",Kansas City,MO,Merchant Services,8,85,http://www.springventuregroup.com/,Kansas City,2026-06-15
"Viaanix, Inc.",info@viaanix.com,(817) 808-7672,"434 N Main, Wichita, KS 67202, USA",Wichita,KS,Managed IT,8,85,http://www.viaanix.com/,Wichita,2026-06-15
Onsite Computer Consulting – St. Louis County Managed IT Services Company,cove-logo-fullcolor@2x-300x91-1.png,(314) 207-8731,"7777 Bonhomme Ave, Clayton, MO 63105, USA",St. Louis,MO,Managed IT,8,85,https://www.occsi.com/managed-it-services-st-louis-county/,St. Louis,2026-06-15
Rocky Mountain Credit Card,ryan@rockymountaincreditcard.com,(303) 875-0621,"1157 S Steele St, Denver, CO 80210, USA",Denver,CO,Merchant Services,8,85,https://rmcreditcardprocessing.com/,Denver,2026-06-15
"NetGain Technologies, LLC",chosen-sprite@2x.png,(314) 860-7606,"4625 Lindell Blvd Suite 200 and 300, St. Louis, MO 63108, USA",St. Louis,MO,Managed IT,8,85,https://www.netgainit.com/managed-it-services-st-louis-missouri/?utm_source=google&utm_medium=google+business+profile,St. Louis,2026-06-15
Computerease,generalinfo@computer-service.com,(314) 788-4500,"401 Pine St, St. Louis, MO 63102, USA",St. Louis,MO,Managed IT,8,85,https://computer-service.com/missouri/it-support-companies-st-louis/,St. Louis,2026-06-15
Datotel,services@datotel.com,(314) 241-9101,"710 N Tucker Blvd Suite 400 , 63101, St. Louis, MO 63101, USA",St. Louis,MO,Managed IT,8,85,http://www.datotel.com/,St. Louis,2026-06-15
"Electronic Payment Systems, LLC",john@doe.com,(800) 863-5995,"6472 S Quebec St, Englewood, CO 80111, USA",Denver,CO,Merchant Services,8,85,http://www.eps-na.com/,Denver,2026-06-15
Onsite Computer Consulting Services Inc,cove-logo-fullcolor@2x-300x91-1.png,(314) 530-0460,"100 S 4th St Ste 550, St. Louis, MO 63102, USA",St. Louis,MO,Managed IT,8,85,https://www.occsi.com/managed-it-services-st-louis-mo/,St. Louis,2026-06-15
Trustway Payments,sales@trustwaypayments.com,(800) 257-9722,"3393 S Niagara Way, Denver, CO 80224, USA",Denver,CO,Merchant Services,8,80,https://trustwaypayments.com/,Denver,2026-06-15
EVO Snap,info@evosnap.com,(844) 386-7627,"600 17th St, Denver, CO 80202, USA",Denver,CO,Merchant Services,8,80,https://www.evosnap.com/,Denver,2026-06-15
The 20 MSP,inbound@the20.com,(314) 312-4701,"1820 Cherokee St Ste 201, St. Louis, MO 63118, USA",St. Louis,MO,Managed IT,8,85,https://www.the20msp.com/,St. Louis,2026-06-15
USA Cyber,icon@72x-8-actuallyfuckingsquare-150x150.png,(855) 482-1200,"12977 N Outer 40 Rd Ste 110, St. Louis, MO 63141, USA",St. Louis,MO,Managed IT,8,85,https://usacyber.com/,St. Louis,2026-06-15
Enrado Capital,info@enradocapital.com,(720) 538-4683,"110 16th St Mall suite 1400, Denver, CO 80202, USA",Denver,CO,Merchant Services,8,85,https://enradocapital.com/,Denver,2026-06-15
Mariner Business Solutions,sales@marinerpossystems.com,(303) 692-8200,"1385 S Colorado Blvd Ste a-310, Denver, CO 80222, USA",Denver,CO,Merchant Services,8,75,http://marinerbusinesssolutions.com/,Denver,2026-06-15
"Transact Bank, N.A.",info@transactbank.com,(720) 214-0770,"700 17th St Ste 100, Denver, CO 80202, USA",Denver,CO,Merchant Services,8,80,https://www.transactbank.com/,Denver,2026-06-15
Credit Professional Services - Fast Credit Score Fix,info@creditprofessionalservices.com,(720) 730-4717,"3801 E Florida Ave #105, Denver, CO 80210, USA",Denver,CO,Merchant Services,8,85,https://creditprofessionalservices.com/credit-repair-denver/,Denver,2026-06-15
Lelander,info@lelander.com,(314) 937-7189,"6 Cardinal Wy 9th Floor, St. Louis, MO 63102, USA",St. Louis,MO,Managed IT,8,85,https://lelander.com/,St. Louis,2026-06-15
OneMain Financial,remodifications@onemainfinancial.com,(303) 282-6611,"1569 S Colorado Blvd, Denver, CO 80222, USA",Denver,CO,Merchant Services,8,85,https://www.onemainfinancial.com/branches/CO/Denver/80222/249?utm_source=google&utm_medium=local&utm_campaign=google-local,Denver,2026-06-15
Balto,hello@balto.ai,(855) 462-2586,"911 Washington Ave, St. Louis, MO 63101, USA",St. Louis,MO,Managed IT,8,80,https://balto.ai/,St. Louis,2026-06-15
RTI Business and Consulting Services,contact@rtibusinessconsulting.com,(314) 529-1525,"9701 Gravois Rd, St. Louis, MO 63123, USA",St. Louis,MO,Managed IT,8,85,https://rtibusinessconsulting.com/,St. Louis,2026-06-15
"Dominion Consulting Group, LLC - Business Consultants St. Louis",cfo@dominioncg.com,(314) 399-0179,"100 S 4th St Ste 550, St. Louis, MO 63102, USA",St. Louis,MO,Managed IT,8,80,https://www.dominioncg.com/,St. Louis,2026-06-15
NightLion Security,pr@nightlionsecurity.com,(314) 669-6569,"12747 Olive Blvd, St. Louis, MO 63141, USA",St. Louis,MO,Managed IT,8,80,http://www.nightlion.com/,St. Louis,2026-06-15
Contegix,sales@contegix.com,(877) 289-0395,"210 N Tucker Blvd, St. Louis, MO 63101, USA",St. Louis,MO,Managed IT,8,85,http://www.contegix.com/,St. Louis,2026-06-15
Total Merchant Services Wichita,tmsict@tmsict.com,(316) 260-2004,"313 N Seneca St #114, Wichita, KS 67203, USA",Wichita,KS,Merchant Services,8,85,https://tmsict.com/,Wichita,2026-06-15
"Juniper Payments, LLC",info@juniperpayments.com,(316) 267-3200,"9440 E Boston St, Wichita, KS 67207, USA",Wichita,KS,Merchant Services,8,80,http://www.juniperpayments.com/,Wichita,2026-06-15
Gateway Wireless & Network Services,scott@gatewaywireless.net,(316) 264-0037,"121 S Lulu St, Wichita, KS 67211, USA",Wichita,KS,Merchant Services,8,85,https://gatewaywireless.net/,Wichita,2026-06-15
Gateway Mortgage,tyler.kobler@gatewayloan.com,(316) 768-3060,"9915 W 21st St N Suite B, Wichita, KS 67205, USA",Wichita,KS,Merchant Services,8,85,https://www.gatewayfirst.com/locations-atms/wichita-west-ks?utm_source=google&utm_medium=yext&utm_campaign=yext_referral,Wichita,2026-06-15
KS Home Solutions,icon-24hours-gray@2x.png,(316) 688-3800,"301 N Main Ste 110, Wichita, KS 67202, USA",Wichita,KS,Merchant Services,8,80,https://www.kshomesolutions.com/,Wichita,2026-06-15
Wheat State Credit Union,memberservice@wheatstatecu.com,(316) 687-4101,"1400 Oliver, Wichita, KS 67218, USA",Wichita,KS,Merchant Services,8,85,http://www.wheatstatecu.com/,Wichita,2026-06-15
Cody Ratcliffe - Gateway Mortgage,cody.ratcliffe@gatewayloan.com,(316) 252-1451,"9915 W 21st St N Suite B, Wichita, KS 67205, USA",Wichita,KS,Merchant Services,8,85,https://www.gatewayfirst.com/locations-atms/cody-ratcliffe?utm_source=google&utm_medium=yext&utm_campaign=yext_referral,Wichita,2026-06-15
United Teachers of Wichita,name@email.com,(316) 262-5171,"150 S Ida St, Wichita, KS 67211, USA",Wichita,KS,Merchant Services,8,80,http://www.utw-ks.org/,Wichita,2026-06-15
Sedgwick County Tag Offices,webmaster@sedgwick.gov,(316) 660-9000,"2525 W Douglas Ave, Wichita, KS 67213, USA",Wichita,KS,Merchant Services,8,85,https://www.sedgwickcounty.org/tag-office/reserve-your-spot-in-line/,Wichita,2026-06-15
Commercial Laundry Sales & Service,dasher@clsands.com,(316) 267-6650,"1228 Santa Fe S, Wichita, KS 67211, USA",Wichita,KS,Merchant Services,8,80,http://clsands.com/,Wichita,2026-06-15
Midwest Single Source,sales@midwestsinglesource.com,(316) 267-6333,"1501 E 1st St N, Wichita, KS 67214, USA",Wichita,KS,Merchant Services,8,85,http://www.midwestsinglesource.com/,Wichita,2026-06-15
ReliantPay,info@reliantpay.com,(636) 220-7255,"14280 Manchester Rd, Manchester, MO 63011, USA",St. Louis,MO,Merchant Services,8,80,http://www.reliantpay.com/,St. Louis,2026-06-15
"FirsTech, Inc.",information@firstechinc.com,(800) 800-1598,"1 N Brentwood Blvd #910, Clayton, MO 63105, USA",St. Louis,MO,Merchant Services,8,80,https://firstechpayments.com/,St. Louis,2026-06-15
Merchants Metals,icon-76@2x.png,(314) 521-3363,"6575 Romiss Ct, St. Louis, MO 63134, USA",St. Louis,MO,Merchant Services,8,85,http://www.merchantsmetals.com/,St. Louis,2026-06-15
St. Louis Policemen's Credit Union,office@stlpolicecu.com,(314) 444-5392,"1915 Olive St, St. Louis, MO 63103, USA",St. Louis,MO,Merchant Services,8,85,http://www.stlpolicecu.com/,St. Louis,2026-06-15
Advanced Payment Services,sales@advancedpaymentservices.com,(636) 888-5959,"7503 Mexico Rd, St Peters, MO 63376, USA",St. Louis,MO,Merchant Services,8,85,http://www.advancedpaymentservices.com/,St. Louis,2026-06-15
Specialty Mailing Inc,u003einfo@specialtymailing.com,(314) 534-4599,"2801 Clark Ave #100, St. Louis, MO 63103, USA",St. Louis,MO,Merchant Services,8,85,http://specialtymailing.com/,St. Louis,2026-06-15
PLS Logistics Services,63038addee19b68775be61b2_twp_philly_2022_aw@2x.png,(314) 768-9400,"Witte Building, 707 N 2nd St #500, St. Louis, MO 63102, USA",St. Louis,MO,Merchant Services,8,85,https://www.plslogistics.com/,St. Louis,2026-06-15
Gateway Newstands,sandra@gatewaymarket.ca,(314) 421-2292,"200 N Broadway Unit 100, St. Louis, MO 63102, USA",St. Louis,MO,Merchant Services,8,75,http://www.gatewaynewstands.com/,St. Louis,2026-06-15
Gateway Arch Visitor Center,app-promo-phones@2x.png,+11549226484,"St. Louis, MO 63102, USA",St. Louis,MO,Merchant Services,8,80,https://www.nps.gov/jeff/planyourvisit/index.htm,St. Louis,2026-06-15
Gateway EITC Community Coalition,tjackson@gatewayeitc.org,(314) 539-4062,"910 N 11th St, St. Louis, MO 63101, USA",St. Louis,MO,Merchant Services,8,85,https://www.gatewayeitc.org/index.html,St. Louis,2026-06-15
Gateway Metro Federal Credit Union,austind@bfmgroupinc.com,(314) 621-4575,"1001 Pine St, St. Louis, MO 63101, USA",St. Louis,MO,Merchant Services,8,85,https://gogmfcu.org/,St. Louis,2026-06-15
Point of Sale Consultants,cgates@theposconsultants.com,(314) 781-4700,"111 Ballpark Dr, Ballwin, MO 63011, USA",St. Louis,MO,Merchant Services,8,80,http://www.theposconsultants.com/,St. Louis,2026-06-15
Summerplace Business Solutions,hr@summerplacebusinesssolutions.com,(314) 333-6627,"317 N 11th St Ste 500, St. Louis, MO 63103, USA",St. Louis,MO,Merchant Services,8,75,https://www.summerplacecareers.com/,St. Louis,2026-06-15
Pacesetter Personnel Services,info@pps.com,(713) 224-0202,"1714 Collingsworth St, Houston, TX 77009, USA",Houston,TX,HR & Staffing,8,85,https://pps.com/houston-tx/,Houston,2026-06-15
Dallas Payroll,submit@dallaspayroll.com,(214) 553-0700,"1221 Abrams Rd #317, Richardson, TX 75081, USA",Dallas,TX,HR & Staffing,8,80,https://www.dallaspayroll.com/,Dallas-Fort Worth,2026-06-15
My HR Consulting,info@myhrconsult.com,(210) 880-4230,"2222 San Pedro Ave, San Antonio, TX 78212, USA",San Antonio,TX,HR & Staffing,8,85,http://www.myhrconsult.com/,San Antonio,2026-06-15
solveHR,info@solvehr.com,(800) 822-2048,"1635 NE Interstate 410 Loop #700, San Antonio, TX 78209, USA",San Antonio,TX,HR & Staffing,8,75,https://solvehr.com/,San Antonio,2026-06-15
Total Rewards Premier Consulting,eben@eyebytes.com,(208) 313-8290,"110 E Houston St, San Antonio, TX 78205, USA",San Antonio,TX,HR & Staffing,8,80,http://totalrewardspremierconsulting.godaddysites.com/,San Antonio,2026-06-15
SeeKing HR,chosen-sprite@2x.png,(210) 679-4879,"40 NE Interstate 410 Loop #640, San Antonio, TX 78216, USA",San Antonio,TX,HR & Staffing,8,85,http://www.seekinghr.com/,San Antonio,2026-06-15
Mosaic Human Capital Solutions (Mosaic HCS),info@mosaichumancapital.com,(210) 874-1931,"8200 I-10 Ste 810, San Antonio, TX 78230, USA",San Antonio,TX,HR & Staffing,8,85,https://www.mosaichumancapital.com/,San Antonio,2026-06-15
Employer Flexible - PEO Services in San Antonio,houston.info@employerflexible.com,(210) 447-6520,"8023 Vantage Dr Ste 510, San Antonio, TX 78230, USA",San Antonio,TX,HR & Staffing,8,85,http://www.employerflexible.com/,San Antonio,2026-06-15
Legacy Employer Solutions - PEO Services,support@legacypeo.com,(210) 471-2185,"503 Med Ct Suite 105, San Antonio, TX 78258, USA",San Antonio,TX,HR & Staffing,8,85,https://www.legacypeo.com/,San Antonio,2026-06-15
Talent Corps San Antonio,info@talentcorps.com,(210) 874-7199,"3201 Cherry Ridge Dr Ste B-215, San Antonio, TX 78230, USA",San Antonio,TX,HR & Staffing,8,80,https://www.talentcorps.com/,San Antonio,2026-06-15
People Performance Resources,info@pprhr.com,(214) 616-2040,"1914 Skillman St Suite 110153, Dallas, TX 75206, USA",Dallas,TX,HR & Staffing,8,80,https://www.pprhr.com/,Dallas-Fort Worth,2026-06-15
The HR Innovator Group,info@hrinnovatorsgroup.com,(888) 415-1775,"5931 Greenville Ave Unit 5652, Dallas, TX 75206, USA",Dallas,TX,HR & Staffing,8,80,https://hrinnovatorsgroup.com/,Dallas-Fort Worth,2026-06-15
Arthur Marshall Talent Acquisition,email@address.com,(866) 414-6077,"4600 Fuller Dr Ste 300, Irving, TX 75038, USA",Dallas,TX,HR & Staffing,8,85,https://www.arthurmarshall.com/?utm_source=google&utm_medium=organic&utm_campaign=gbp-listing,Dallas-Fort Worth,2026-06-15
The Ross Agency,hannah@therossagency.com,(844) 707-7177,"2833 Crockett St #131, Fort Worth, TX 76107, USA",Dallas,TX,HR & Staffing,8,85,http://therossagency.com/,Dallas-Fort Worth,2026-06-15
Humanistic Consulting LLC,gh-hr-image-@300x-scaled.webp,(855) 447-4111,"7037 Aspen Creek Ln, Dallas, TX 75252, USA",Dallas,TX,HR & Staffing,8,80,http://www.glennahecht.com/,Dallas-Fort Worth,2026-06-15
EGRAB HR Partners,kdb@egrabservices.com,(972) 810-1474,"955 W John Carpenter Fwy #100, Irving, TX 75039, USA",Dallas,TX,HR & Staffing,8,85,https://egrabservices.com/,Dallas-Fort Worth,2026-06-15
Employer Flexible - PEO Services in Dallas/Fort Worth,houston.info@employerflexible.com,(972) 401-3500,"2805 Dallas Pkwy Suite 220, Plano, TX 75093, USA",Dallas,TX,HR & Staffing,8,85,https://www.employerflexible.com/,Dallas-Fort Worth,2026-06-15
"AspireHR, LLC",john@aspirehr.com,(214) 880-0099,"5151 Belt Line Rd Ste 1125, Dallas, TX 75254, USA",Dallas,TX,HR & Staffing,8,80,http://www.aspirehr.com/,Dallas-Fort Worth,2026-06-15
G&A Partners - Dallas,info@gnapartners.com,(469) 751-2832,"4965 Preston Park Blvd Ste 600, Plano, TX 75093, USA",Dallas,TX,HR & Staffing,8,85,https://www.gnapartners.com/locations/dallas?utm_source=gmb&utm_medium=organic,Dallas-Fort Worth,2026-06-15
Alliance Recruiting Resources,supportservices@alliancerr.com,(800) 759-8203,"17304 Preston Rd, Dallas, TX 75252, USA",Dallas,TX,HR & Staffing,8,80,http://www.alliancerr.com/,Dallas-Fort Worth,2026-06-15
Pursuit Sales,info@pursuitsalessolutions.com,+18491739250,"2919 Commerce St, Dallas, TX 75226, USA",Dallas,TX,HR & Staffing,8,80,http://pursuitsalessolutions.com/,Dallas-Fort Worth,2026-06-15
HDS Outsourcing,info@hdsoutsourcing.com,(682) 356-3111,"5301 Alpha Rd Ste #80-6048, Dallas, TX 75240, USA",Dallas,TX,HR & Staffing,8,80,https://hdsoutsourcing.com/,Dallas-Fort Worth,2026-06-15
HRT Staffing Services,info@hrtechs.com,(972) 400-4400,"511 E John W Carpenter Fwy #500, Irving, TX 75062, USA",Dallas,TX,HR & Staffing,8,75,http://www.hrtechs.com/,Dallas-Fort Worth,2026-06-15
Exceptional HR Solutions,neil@exceptionalhrsolutions.com,(940) 295-5059,"1919 E Melissa Rd #691, Melissa, TX 75454, USA",Dallas,TX,HR & Staffing,8,80,http://www.exceptionalhrsolutions.com/?utm_source=local&utm_medium=organic&utm_campaign=gbp,Dallas-Fort Worth,2026-06-15
"Employ HR Pro, LLC",susan@employhrpro.com,(817) 691-7809,"3016 Glasgow Dr, Arlington, TX 76015, USA",Dallas,TX,HR & Staffing,8,80,https://www.employhrpro.com/?utm_source=google&utm_medium=wix_google_business_profile&utm_campaign=6048297707945856259,Dallas-Fort Worth,2026-06-15
Recruiting Lion Solutions,micah@micahrich.com,(469) 253-0845,"12222 Merit Dr Suite 130, Dallas, TX 75251, USA",Dallas,TX,HR & Staffing,8,80,https://recruitinglionsolutions.com/,Dallas-Fort Worth,2026-06-15
LPC Personnel,interviews@lpcpersonnel.com,(713) 680-9898,"5151 Katy Fwy #160, Houston, TX 77007, USA",Houston,TX,HR & Staffing,8,85,http://www.lpcpersonnel.com/,Houston,2026-06-15
HR Growth Spurts an MKK Bell Consulting Company,yourgrowthexpert@hrgrowthspurts.com,(346) 471-1180,"440 Benmar Dr Ste 3053, Houston, TX 77060, USA",Houston,TX,HR & Staffing,8,85,https://mkkbellconsulting.com/,Houston,2026-06-15
Talent Cottage,contact@talentcottage.com,(346) 460-6838,"675 Bering Dr #200, Houston, TX 77057, USA",Houston,TX,HR & Staffing,8,85,https://talentcottage.com/,Houston,2026-06-15
Trenchard Consulting,info@trenchardconsulting.com,(832) 734-8762,"11111 Katy Fwy Ste. 530, Houston, TX 77079, USA",Houston,TX,HR & Staffing,8,85,https://trenchardconsulting.com/,Houston,2026-06-15
ElevationHR,info@elevationhr.com,(281) 353-8847,"12712 W Lake Houston Pkwy Suite B-220, Houston, TX 77044, USA",Houston,TX,HR & Staffing,8,80,https://www.elevationhr.com/,Houston,2026-06-15
Blackstone Talent,micah@micahrich.com,(713) 999-0500,"1225 N Loop W, Houston, TX 77008, USA",Houston,TX,HR & Staffing,8,80,http://www.blackstonetalent.com/,Houston,2026-06-15
G&A Partners - Houston,info@gnapartners.com,(832) 810-7090,"17220 Katy Fwy #350, Houston, TX 77094, USA",Houston,TX,HR & Staffing,8,85,https://www.gnapartners.com/locations/houston?utm_source=gmb&utm_medium=organic,Houston,2026-06-15
"ICON Consultants, LP",stars@iconconsultants.com,(713) 438-0919,"100 Waugh Dr, Houston, TX 77007, USA",Houston,TX,HR & Staffing,8,85,https://www.iconconsultants.com/,Houston,2026-06-15
Grade A Hire,support@gradeahire.com,(281) 783-4340,"409 Travis St, Houston, TX 77002, USA",Houston,TX,HR & Staffing,8,75,https://gradeahire.com/,Houston,2026-06-15
Hiring Source,info@thehiringsource.com,(713) 623-0400,"4306 Yoakum Blvd Ste 470, Houston, TX 77006, USA",Houston,TX,HR & Staffing,8,85,http://www.thehiringsource.com/,Houston,2026-06-15
Scion Staffing,close_side_menu@2x.png,(346) 250-5828,"1201 Fannin St Ste 262, Houston, TX 77002, USA",Houston,TX,HR & Staffing,8,75,https://scionstaffing.com/houston/,Houston,2026-06-15
"EAG Services, Inc.",info@eaginc.com,(832) 485-5800,"1415 Louisiana St #2210, Houston, TX 77002, USA",Houston,TX,HR & Staffing,8,85,https://eaginc.com/services-overview/,Houston,2026-06-15
Robert Walters Recruitment Agency Austin,austin@robertwalters.com,(512) 610-6255,"Suite 273, 310 Comal St Fl 2, Austin, TX 78702, USA",Austin,TX,HR & Staffing,8,85,https://www.robertwalters.us/contact-us/united-states/austin.html?utm_source=gmb&utm_medium=organic&utm_campaign=austin,Austin,2026-06-15
"Employer Flexible - PEO Services in Austin, TX",houston.info@employerflexible.com,(866) 501-4942,"3601 S Congress Ave Ste G-500, Austin, TX 78704, USA",Austin,TX,HR & Staffing,8,85,https://www.employerflexible.com/,Austin,2026-06-15
HR Legal Search,kathy@hrlegalsearch.com,(512) 263-1035,"500 W 2nd St Ste 1900, Austin, TX 78701, USA",Austin,TX,HR & Staffing,8,80,http://www.hrlegalsearch.com/,Austin,2026-06-15
Aspen HR,support@aspenhr.com,(512) 856-6906,"835 W 6th St #1500, Austin, TX 78703, USA",Austin,TX,HR & Staffing,8,80,https://aspenhr.com/peo-in-texas/austin/,Austin,2026-06-15
AustinPeopleWorks,info@512financial.com,(512) 256-8387,"Research Boulevard, Austin, TX 78729, USA",Austin,TX,HR & Staffing,8,85,http://www.austinpeopleworks.com/,Austin,2026-06-15
TALENTCARE,info@talentcare.us,(888) 785-0502,"1108 Lavaca St, Austin, TX 78701, USA",Austin,TX,HR & Staffing,8,75,http://talentcare.com/,Austin,2026-06-15
Talent War Group,info@talentwargroup.com,(512) 893-7939,"3316 Bee Caves Rd D, West Lake Hills, TX 78746, USA",Austin,TX,HR & Staffing,8,85,https://talentwargroup.com/,Austin,2026-06-15
Roc Search,light@4x.webp,(512) 649-1070,"301 Congress Ave., Austin, TX 78701, USA",Austin,TX,HR & Staffing,8,75,http://www.roc-search.us/,Austin,2026-06-15
TalentGuard,sales@talentguard.com,(512) 434-0397,"1120 S Capital of Texas Hwy, Austin, TX 78746, USA",Austin,TX,HR & Staffing,8,80,https://www.talentguard.com/,Austin,2026-06-15
LaborMax Staffing - Oklahoma City (Anytime Labor - Oklahoma LLC),hr@labormaxstaffing.com,(405) 790-0224,"9356 S Western Ave Ste B, Oklahoma City, OK 73139, USA",Oklahoma City,OK,HR & Staffing,8,85,https://labormaxstaffing.com/?ref=OP-OklahomaCity-GMB,Oklahoma City,2026-06-15
Frontline Source Group,corporate@frtline.com,(405) 236-1100,"100 Park Ave Ste 700, Oklahoma City, OK 73102, USA",Oklahoma City,OK,HR & Staffing,8,85,https://www.frontlinesourcegroup.com/oklahoma-city.html,Oklahoma City,2026-06-15
Flat Planet,info@flatplanet.com,(430) 342-0132,"3801 N Capital of Texas Hwy, Austin, TX 78746, USA",Austin,TX,HR & Staffing,8,85,https://flatplanet.com/?utm_source=Google&utm_medium=GMB&utm_campaign=Maps,Austin,2026-06-15
MD Talent Search,info@mdtalentsearch.com,(405) 512-1787,"19700 Filly Dr, Edmond, OK 73012, USA",Oklahoma City,OK,HR & Staffing,8,80,http://www.mdtalentsearch.com/,Oklahoma City,2026-06-15
"edOpp Solutions, LLC",contact@edoppsolutions.com,(832) 429-7049,"5450 NW Central Dr #309, Houston, TX 77092, USA",Houston,TX,HR & Staffing,8,80,http://www.edopplearning.com/,Houston,2026-06-15
AmeriResource Group,info@ameriresource.com,(405) 842-5900,"4334 Northwest Expy #100, Oklahoma City, OK 73116, USA",Oklahoma City,OK,HR & Staffing,8,85,http://www.ameriresource.com/,Oklahoma City,2026-06-15
Robert Half Recruiters & Employment Agency,sample@test.com,(405) 546-1186,"3817 Northwest Expy Suite 790, Oklahoma City, OK 73112, USA",Oklahoma City,OK,HR & Staffing,8,85,https://www.roberthalf.com/us/en/locations/ok-oklahoma-city/3817-nw-expressway?utm_source=gmb_listing&utm_medium=organic&utm_campaign=local_listing,Oklahoma City,2026-06-15
Accord Human Resources,info@spirithr.com,(405) 232-9888,"210 Park Ave Ste 1200, Oklahoma City, OK 73102, USA",Oklahoma City,OK,HR & Staffing,8,80,http://www.spirithr.com/,Oklahoma City,2026-06-15
Career Development Partners,office@cdpartnersinc.com,(918) 293-0500,"3030 Northwest Expy suite 200, Oklahoma City, OK 73112, USA",Oklahoma City,OK,HR & Staffing,8,80,http://www.careerdevelopmentpartners.com/,Oklahoma City,2026-06-15
Mosaic Personnel,info@mosaicpersonnel.com,(405) 858-8800,"11600 Broadway Ext #180, Oklahoma City, OK 73114, USA",Oklahoma City,OK,HR & Staffing,8,85,http://mosaicpersonnel.com/,Oklahoma City,2026-06-15
Premier Solutions,your@email.com,(405) 948-4050,"5623 N Western Ave Ste B, Oklahoma City, OK 73118, USA",Oklahoma City,OK,HR & Staffing,8,85,http://premiersolutionsinc.net/,Oklahoma City,2026-06-15
Accent Staffing,njobs@accentstaffing.com,(918) 622-2244,"3747 S Harvard Ave B, Tulsa, OK 74135, USA",Tulsa,OK,HR & Staffing,8,85,http://accentstaffing.com/,Tulsa,2026-06-15
"Merillat Consulting, LLC",team@latofonts.com,(918) 359-6729,"108 W Dallas St #13, Broken Arrow, OK 74012, USA",Tulsa,OK,HR & Staffing,8,85,https://www.merillatconsulting.com/,Tulsa,2026-06-15
Thrive PEO,thrive@thrivepeo.com,(918) 794-2200,"2642 E 21st St Suite 170, Tulsa, OK 74114, USA",Tulsa,OK,HR & Staffing,8,85,https://www.thrivepeo.com/,Tulsa,2026-06-15
Employers One Source Group Inc,eosg@eosg.com,(281) 492-9292,"1260 Pin Oak Rd #102, Katy, TX 77494, USA",Houston,TX,HR & Staffing,8,85,http://www.eosg.com/,Houston,2026-06-15
Workforce Solutions - Northline,webmaster@h-gac.com,(713) 692-7755,"4424 North Fwy Suite A, Houston, TX 77022, USA",Houston,TX,HR & Staffing,8,85,https://www.wrksolutions.com/find-a-career-office,Houston,2026-06-15
HR Value,royfarrell@4hrv.com,(614) 266-5926,"1010 E 20th St, Tulsa, OK 74120, USA",Tulsa,OK,HR & Staffing,8,80,http://www.4hrv.com/contact.htm,Tulsa,2026-06-15
St Bull Staffing LLC,tracy@stbullstaffing.com,(816) 756-3233,"2713 Cherry St, Kansas City, MO 64108, USA",Kansas City,MO,HR & Staffing,8,85,https://www.stbullcashandstaff.com/,Kansas City,2026-06-15
Elite Staff LLC,info@elitestaffkc.com,(913) 384-4499,"1423 Southwest Blvd, Kansas City, KS 66103, USA",Kansas City,MO,HR & Staffing,8,85,https://www.elitestaffkc.com/,Kansas City,2026-06-15
Kruse & Associates Inc,info@kruseassoc.com,(918) 251-5982,"8596 E 101st St S H, Tulsa, OK 74133, USA",Tulsa,OK,HR & Staffing,8,80,http://kruseassoc.com/,Tulsa,2026-06-15
Staffmark,askhr@staffmarkgroup.com,(816) 531-9550,"1300 NW Briarcliff Pkwy #130, Kansas City, MO 64116, USA",Kansas City,MO,HR & Staffing,8,85,https://staffmark.com/find-an-office/,Kansas City,2026-06-15
HR-Rethought,info@hr-rethought.com,(913) 424-3190,"9415 Nall Ave, Prairie Village, KS 66207, USA",Kansas City,MO,HR & Staffing,8,80,http://www.hr-rethought.com/,Kansas City,2026-06-15
Image Staffing,bclifton@imagestaffingkc.com,(816) 470-9060,"1100 Main St #1945, Kansas City, MO 64105, USA",Kansas City,MO,HR & Staffing,8,85,http://imagestaffingkc.com/,Kansas City,2026-06-15
"Affiliated HR & Payroll Services: Payroll, Human Resources & HCM Solutions",info@affiliatedpayroll.com,(281) 491-1400,"4655 Techniplex Dr Ste #100, Stafford, TX 77477, USA",Houston,TX,HR & Staffing,8,85,http://www.affiliatedhrpayroll.com/,Houston,2026-06-15
Birdie,chosen-sprite@2x.png,(303) 763-1616,"1800 Wazee St Ste 300, Denver, CO 80202, USA",Denver,CO,HR & Staffing,8,85,https://hrbirdie.com/,Denver,2026-06-15
Iridium Consulting Company,info@iridiumconsultingcompany.com,(720) 414-3139,"1800 Logan St, Denver, CO 80203, USA",Denver,CO,HR & Staffing,8,85,http://www.iridiumconsultingcompany.com/,Denver,2026-06-15
Tributary Staffing,contact@tributarystaffing.com,(720) 676-0000,"1245 E Colfax Ave #205, Denver, CO 80218, USA",Denver,CO,HR & Staffing,8,80,https://tributarystaffing.com/,Denver,2026-06-15
Frontline Source Group,corporate@frtline.com,(720) 855-7000,"1512 Larimer St #750, Denver, CO 80202, USA",Denver,CO,HR & Staffing,8,85,https://www.frontlinesourcegroup.com/denver.html,Denver,2026-06-15
Robert Half Recruiters & Employment Agency,sample@test.com,(303) 502-5307,"1125 17th St Suite 900, Denver, CO 80202, USA",Denver,CO,HR & Staffing,8,85,https://www.roberthalf.com/us/en/locations/co-denver/1125-17th-st-ste-900?utm_source=gmb_listing&utm_medium=organic&utm_campaign=local_listing,Denver,2026-06-15
"PureHR Consulting Services, LLC",janet@purehr.net,(303) 518-9711,"mountain view, Denver, CO 80212, USA",Denver,CO,HR & Staffing,8,80,http://www.purehr.net/,Denver,2026-06-15
Omni Resources,clients@omniresources.net,(888) 882-8483,"110 16th St Mall Ste 1400 #1055, Denver, CO 80202, USA",Denver,CO,HR & Staffing,8,85,http://omniresources.net/?utm_campaign=gmb,Denver,2026-06-15
"Navigator Recruiting, LLC",scott@navigatorrecruiting.com,(720) 458-0198,"1312 17th St Unit #2423, Denver, CO 80202, USA",Denver,CO,HR & Staffing,8,80,http://navigatorrecruiting.com/pressit/contact-us/,Denver,2026-06-15
"InTandem Human Resources, LLC",info@intandemhr.com,(303) 955-7615,"650 S Cherry St #1221, Denver, CO 80246, USA",Denver,CO,HR & Staffing,8,85,http://intandemhr.com/,Denver,2026-06-15
Artisan Talent,best-of-staffing-2019-client@2x-1-e1553097508894.png,(303) 261-8588,"1630 Welton St 7th floor, Denver, CO 80202, USA",Denver,CO,HR & Staffing,8,80,https://www.artisantalent.com/denver-digital-talent-agency/,Denver,2026-06-15
The Outsource Pros,you@company.com,(713) 492-8009,"2002 Timberloch Pl #200, The Woodlands, TX 77380, USA",Houston,TX,HR & Staffing,8,85,http://theoutsourcepros.com/,Houston,2026-06-15
First Class Workforce Solutions,info@firstclassworkforce.com,(713) 957-2700,"5444 Westheimer Rd Ste 1047, Houston, TX 77056, USA",Houston,TX,HR & Staffing,8,85,https://www.firstclassworkforce.com/,Houston,2026-06-15
The Ash Group,talent@theashgroup.com,(303) 260-6478,"600 17th St UNIT 2800, Denver, CO 80202, USA",Denver,CO,HR & Staffing,8,75,http://www.theashgroup.com/,Denver,2026-06-15
TalenTrust,connections@talentrust.com,(303) 838-3334,"14143 Denver W Pkwy #100, Golden, CO 80401, USA",Denver,CO,HR & Staffing,8,85,http://www.talentrust.com/,Denver,2026-06-15
City and County of Denver Human Resources,jobs@denvergov.org,(720) 913-5627,"201 W Colfax Ave, Denver, CO 80202, USA",Denver,CO,HR & Staffing,8,85,https://denvergov.org/Government/Agencies-Departments-Offices/Agencies-Departments-Offices-Directory/Office-of-Human-Resources,Denver,2026-06-15
Human Resource Alliance Inc,dnash@hrainc.biz,(720) 495-9727,"999 S Logan St #300, Denver, CO 80209, USA",Denver,CO,HR & Staffing,8,80,http://www.hrainc.info/about-us/dexternash,Denver,2026-06-15
DMarie + Co,dana@dmarieandcompany.com,(303) 386-5787,"1800 Wazee St Ste 300, Denver, CO 80202, USA",Denver,CO,HR & Staffing,8,85,http://www.dmarieandco.com/,Denver,2026-06-15
Pinnacle Staffing Group - Wichita,phoenixstaff@pinnacle-staff.com,(316) 710-5190,"245 N Waco Ave Ste T200, Wichita, KS 67202, USA",Wichita,KS,HR & Staffing,8,85,https://www.pinnacle-staff.com/,Wichita,2026-06-15
Workforce Solutions - Cypress Station,webmaster@h-gac.com,(281) 891-2850,"FM 1960 60 #A, Houston, TX 77090, USA",Houston,TX,HR & Staffing,8,85,https://www.wrksolutions.com/find-a-career-office,Houston,2026-06-15
Integrity Resources,email@example.com,(720) 306-7963,"1500 N Grant St Ste 4427, Denver, CO 80203, USA",Denver,CO,HR & Staffing,8,85,https://www.resourcesofintegrity.net/,Denver,2026-06-15
Performance Personnel,wichitajobs@performancepersonnel.com,(316) 262-8222,"535 S Emporia St Ste 101, Wichita, KS 67202, USA",Wichita,KS,HR & Staffing,8,85,https://www.performancepersonnel.com/locations/wichita,Wichita,2026-06-15
ABLEMKR Houston,team@ablemkr.com,(713) 725-5277,"24 Greenway Plz, Houston, TX 77046, USA",Houston,TX,HR & Staffing,8,80,https://ablemkr.com/,Houston,2026-06-15
The Specialists Group LLc,info@themeansar.com,(316) 267-7375,"100 N Broadway St #200, Wichita, KS 67202, USA",Wichita,KS,HR & Staffing,8,75,https://tsgstaff.com/,Wichita,2026-06-15
Adecco Staffing,u003e@adeccogroup.com,(316) 267-3737,"356 N Rock Rd, Wichita, KS 67206, USA",Wichita,KS,HR & Staffing,8,85,https://www.adecco.com/en-us/locations/kansas/wichita/adecco-staffing-wichita-ks-adus_115788,Wichita,2026-06-15
Manpower,wichita.ks@manpower.com,(316) 462-0855,"802 E Douglas Ave, Wichita, KS 67202, USA",Wichita,KS,HR & Staffing,8,85,"https://www.manpower.com/en/about-us/locations/wichita,-ks?utm_campaign=manpowerlpm&utm_medium=organic-search&utm_source=gbp",Wichita,2026-06-15
Express Employment Professionals,jobs.wichitaksnorth@expresspros.com,(316) 858-1800,"8015 E Peachtree Ln, Wichita, KS 67207, USA",Wichita,KS,HR & Staffing,8,85,https://www.expresspros.com/us-kansas-wichita-north,Wichita,2026-06-15
PDS Tech Inc (Wichita Branch),info@adecco.de,(316) 729-1800,"11828 W Central Ave #100, Wichita, KS 67212, USA",Wichita,KS,HR & Staffing,8,80,https://www.pdstech.com/,Wichita,2026-06-15
St. Louis Agency on Training and Employment,trence.james@dhewd.mo.gov,(314) 589-8000,"2634, 1520 Market St #3050, St. Louis, MO 63103, USA",St. Louis,MO,HR & Staffing,8,85,http://stlouis-mo.gov/government/departments/slate/,St. Louis,2026-06-15
PeopleReady,1136-br@peopleready.com,(314) 776-0600,"909 S 13th St, St. Louis, MO 63103, USA",St. Louis,MO,HR & Staffing,8,85,https://www.peopleready.com/location/saint-louis-mo-1136/?utm_source=source_google_business&utm_medium=organic&utm_campaign=yext&utm_content=St.Louis_MO_1136,St. Louis,2026-06-15
"Staffing Solutions, Inc.",gethired@keystonestaffing.com,(314) 863-0333,"8012 Bonhomme Ave #200, St. Louis, MO 63105, USA",St. Louis,MO,HR & Staffing,8,75,http://www.staffingsolutionsinc.com/,St. Louis,2026-06-15
Proventus Consulting,hello@proventuslaw.com,(816) 895-8636,"811 Wyandotte St, Kansas City, MO 64105, USA",Kansas City,MO,Managed IT,8,80,https://trozzolo.com/proventus/,Kansas City,2026-06-15
Valorem Reply,info.valorem@reply.com,(816) 398-8949,"2101 Broadway Blvd #31, Kansas City, MO 64108, USA",Kansas City,MO,Managed IT,8,85,https://valoremreply.com/,Kansas City,2026-06-15
Green Net Solutions,dan@gnstech.io,(913) 285-5058,"111 W 10th St, Kansas City, MO 64105, USA",Kansas City,MO,Managed IT,8,85,http://www.gnstech.io/,Kansas City,2026-06-15
Professional Employer Resources,info@perhumanresources.com,(888) 599-4991,"500 N Maitland Ave #201, Maitland, FL 32751, USA",Houston,TX,HR & Staffing,8,85,http://www.perhumanresources.com/,Houston,2026-06-15
"Tasha Lester Consulting, Inc.",team@latofonts.com,(773) 263-0026,"100 S 4th St Ste 550, St. Louis, MO 63102, USA",St. Louis,MO,HR & Staffing,8,80,http://www.tashalester.com/,St. Louis,2026-06-15
Workplace IT - Denver,john@company.com,(720) 647-9900,"1514 Curtis Street Ste 200, Denver, CO 80202, USA",Denver,CO,Managed IT,8,85,https://workplaceit.net/,Denver,2026-06-15
Urban Medical Staffing,info@urbanmedicalstaffing.com,(281) 214-2555,"5444 Westheimer Rd #1000, Houston, TX 77056, USA",Houston,TX,HR & Staffing,8,85,https://urbanmedicalstaffing.com/,Houston,2026-06-15
AndDone,support@anddone.com,(800) 342-0991,"1055 Broadway Blvd 11th Floor, Kansas City, MO 64105, USA",Kansas City,MO,Merchant Services,8,85,https://anddone.com/,Kansas City,2026-06-15
JWS Health Consultants Inc,ultrastaff@ultrastaff.com,(713) 522-7100,"1818 N Memorial Way #200, Houston, TX 77007, USA",Houston,TX,HR & Staffing,8,75,https://www.ultrastaff.com/about.php,Houston,2026-06-15
Placement Expert USA,paul@placementexpertusa.com,(314) 326-7401,"222 S Meramec Ave Ste 202, Clayton, MO 63105, USA",St. Louis,MO,HR & Staffing,8,85,http://www.placementexpertusa.com/,St. Louis,2026-06-15
Simploy,cking@simploy.com,(314) 544-1700,"13023 Tesson Ferry Rd #105, St. Louis, MO 63128, USA",St. Louis,MO,HR & Staffing,8,85,http://simploy.com/,St. Louis,2026-06-15
TechForward IT,gooey@1x-5.8s-1920px-696px-1.gif,(720) 826-0692,"6795 E Tennessee Ave #200, Denver, CO 80224, USA",Denver,CO,Managed IT,8,85,http://techforwardit.com/,Denver,2026-06-15
Express Employment Professionals,jobs.oklahomacityoksw@expresspros.com,(405) 634-6600,"804 W I-240 Service Road Ste b, Oklahoma City, OK 73139, USA",Oklahoma City,OK,HR & Staffing,8,85,https://www.expresspros.com/us-oklahoma-oklahoma-city-southwest,Oklahoma City,2026-06-15
Houston Leasing & Management Co.,htx4leasing@gmail.com,(832) 834-5824,"3601 S Sandman St #220, Houston, TX 77098, USA",Houston,TX,HR & Staffing,8,85,http://htx4leasing.com/,Houston,2026-06-15
KARE,4872457984802816@doyoukare.com,(832) 380-8740,"448 W 19th St Ste 1124, Houston, TX 77008, USA",Houston,TX,HR & Staffing,8,85,http://doyoukare.com/,Houston,2026-06-15
The Resource Group,patrick.mccoole@theresourcegroup.com,(314) 733-8500,"4600 Edmundson Rd, St. Louis, MO 63134, USA",St. Louis,MO,HR & Staffing,8,85,http://www.theresourcegroup.com/,St. Louis,2026-06-15
Aim Staffing Inc,team@latofonts.com,(713) 975-1144,"9900 Westpark Dr, Houston, TX 77063, USA",Houston,TX,HR & Staffing,8,80,http://www.aimstaffinginc.net/,Houston,2026-06-15
Karpel Solutions,info@karpel.com,(314) 892-6300,"9717 Landmark Pkwy Dr #200, St. Louis, MO 63127, USA",St. Louis,MO,Managed IT,8,85,http://www.karpel.com/,St. Louis,2026-06-15
MANPOWER,houston.tx-galleria@manpower.com,(713) 386-1416,"10235 W Little York Rd Ste 159, Houston, TX 77040, USA",Houston,TX,HR & Staffing,8,85,"https://www.manpower.com/en/about-us/locations/houston,-tx---metro?utm_campaign=manpowerlpm&utm_medium=organic-search&utm_source=gbp",Houston,2026-06-15
Above All Personnel,team@aboveallpersonnel.com,(314) 781-6008,"2228 S Big Bend Blvd, St. Louis, MO 63117, USA",St. Louis,MO,HR & Staffing,8,85,https://www.aboveallpersonnel.com/,St. Louis,2026-06-15
Midwest Service Bureau LLC,_@astro.chmil1z1.css,(316) 263-1051,"625 W Maple St, Wichita, KS 67213, USA",Wichita,KS,Merchant Services,8,85,https://msbureau.com/,Wichita,2026-06-15
OneMain Financial,remodifications@onemainfinancial.com,(314) 752-4581,"5811 Chippewa St Ste A2, St. Louis, MO 63109, USA",St. Louis,MO,Merchant Services,8,85,https://www.onemainfinancial.com/branches/MO/Saint-Louis/63109/1050?utm_source=google&utm_medium=local&utm_campaign=google-local,St. Louis,2026-06-15
Montana Capital Bad Credit Loans,public@montana-capital.com,(316) 223-7071,"3060 S Hillside St, Wichita, KS 67216, USA",Wichita,KS,Merchant Services,8,85,https://montana-capital.com/locations/wichita-3/,Wichita,2026-06-15
"Green Lion Search Group, LLC",mmoran@greenlionsearch.com,(512) 609-8562,"108 Wild Basin Rd S Suite 250, Austin, TX 78746, USA",Austin,TX,HR & Staffing,8,80,https://www.greenlionsearch.com/,Austin,2026-06-15
Stonebridge Search,bg-hero-contact@1400x525.jpg,(512) 358-1197,"14425 Falcon Head Blvd Bldg E, Ste 100, Austin, TX 78738, USA",Austin,TX,HR & Staffing,8,80,https://stonebridgesearch.com/contact/,Austin,2026-06-15
Workforce First,cropped-theotheronesfound-logo-v3-badge@2x.png,(737) 320-4863,"515 Post Rd Dr, Austin, TX 78704, USA",Austin,TX,HR & Staffing,8,80,https://toofound.org/workforce-first,Austin,2026-06-15
Wexpand - Staffing Agency Austin,contact@wexpandmx.com,(737) 358-2130,"305 W 18th St, Austin, TX 78701, USA",Austin,TX,HR & Staffing,8,80,https://wexpandmx.com/,Austin,2026-06-15
Cure Healthcare Staffing,support@curestaffingcorp.com,(512) 572-6388,"7000 N Mopac Expy #200, Austin, TX 78731, USA",Austin,TX,HR & Staffing,8,80,http://www.curehealthcarestaffing.com/,Austin,2026-06-15
Kupplin Worldwide Staffing,apply@kupplin.com,(512) 270-6700,"8870 Business Park Dr, Austin, TX 78759, USA",Austin,TX,HR & Staffing,8,85,http://www.kupplin.com/,Austin,2026-06-15
SafeLease,flags@2x.png,(855) 657-2338,"804 N Congress Ave Ste 400, Austin, TX 78701, USA",Austin,TX,HR & Staffing,8,85,http://www.safelease.com/,Austin,2026-06-15
MANPOWER,austin.tx@manpower.com,(512) 989-8999,"12901 S I-35 Frontage Rd NB, Austin, TX 78753, USA",Austin,TX,HR & Staffing,8,85,"https://www.manpower.com/en/about-us/locations/austin,-tx?utm_campaign=manpowerlpm&utm_medium=organic-search&utm_source=gbp",Austin,2026-06-15
Apple Commercial Leasing,commercialleads@appleleasing.com,(512) 335-3273,"12205 Hunters Chase Dr Suite 110, Austin, TX 78729, USA",Austin,TX,HR & Staffing,8,85,https://www.applecommercialleasing.com/,Austin,2026-06-15
Labor Finders Austin,austin@laborfinders.com,(512) 719-4384,"2521 Rutland Dr, Austin, TX 78758, USA",Austin,TX,HR & Staffing,8,85,https://www.laborfinders.com/locations/tx/austin/21-1/,Austin,2026-06-15
Pacesetter Personnel Services,info@pps.com,(512) 477-0202,"2601 E 7th St #103, Austin, TX 78702, USA",Austin,TX,HR & Staffing,8,85,http://www.pps.com/,Austin,2026-06-15
Direct Hire Firm,info@directhirefirm.com,(210) 272-9352,"14603 Huebner Rd Building 8 Suite 105, San Antonio, TX 78230, USA",San Antonio,TX,HR & Staffing,8,80,http://www.directhirefirm.com/,San Antonio,2026-06-15
Robert Half Recruiters & Employment Agency,sample@test.com,(210) 598-6885,"8000 I-10 Suite 1008, San Antonio, TX 78230, USA",San Antonio,TX,HR & Staffing,8,85,https://www.roberthalf.com/us/en/locations/tx-san-antonio/8000-w-ih-10?utm_source=gmb_listing&utm_medium=organic&utm_campaign=local_listing,San Antonio,2026-06-15
DEI Recruiting and Consulting,info@deirecruitingandconsulting.com,(214) 390-2828,"2919 Commerce St #475, Dallas, TX 75226, USA",Dallas,TX,HR & Staffing,8,85,https://deirecruitingandconsulting.com/,Dallas-Fort Worth,2026-06-15
Lone Star PEO,tnewton@lonestarpeo.com,(210) 496-7827,"17115 San Pedro Ave #250, San Antonio, TX 78232, USA",San Antonio,TX,HR & Staffing,8,80,http://lonestarpeo.com/contact-us/,San Antonio,2026-06-15
Frontline Source Group,corporate@frtline.com,(210) 696-5627,"9901 I-10 Frontage Rd, San Antonio, TX 78230, USA",San Antonio,TX,HR & Staffing,8,85,https://www.frontlinesourcegroup.com/san-antonio.html,San Antonio,2026-06-15
Pinnacle PEO,info@pinnaclepeo.com,(866) 344-4477,"9311 San Pedro Ave #700, San Antonio, TX 78216, USA",San Antonio,TX,HR & Staffing,8,75,http://pinnaclepeo.com/,San Antonio,2026-06-15
Workforce Solutions Alamo (Admin Office),icon-find-a-job@2x.png,(210) 272-3260,"Inspire Downtown, 100 N Santa Rosa St STE 120, San Antonio, TX 78207, USA",San Antonio,TX,HR & Staffing,8,85,http://www.workforcesolutionsalamo.org/,San Antonio,2026-06-15
Workforce Solutions Alamo Career Center - S. Flores,icon-find-a-job@2x.png,(210) 928-3985,"6723 S Flores St #100, San Antonio, TX 78221, USA",San Antonio,TX,HR & Staffing,8,85,http://www.workforcesolutionsalamo.org/,San Antonio,2026-06-15
Malone Workforce Solutions,hr@malonesolutions.com,(210) 569-0382,"1231 SW Military Dr, San Antonio, TX 78221, USA",San Antonio,TX,HR & Staffing,8,85,http://www.malonesolutions.com/?utm_source=gmb&utm_medium=yext,San Antonio,2026-06-15
HireQuest Direct of San Antonio - Central,stephen@hirequestinternational.com,(210) 320-2323,"8460 Fredericksburg Rd, San Antonio, TX 78229, USA",San Antonio,TX,HR & Staffing,8,85,http://hirequest.com/,San Antonio,2026-06-15
Pulse Staffing,info@pulsestaffing.com,(210) 298-2345,"7800 I-10 #622, San Antonio, TX 78230, USA",San Antonio,TX,HR & Staffing,8,85,http://www.pulsestaffing.com/,San Antonio,2026-06-15
MANPOWER,sanantonio.tx-downtown@manpower.com,(210) 734-7300,"84 NE Interstate 410 Loop Fl 2, San Antonio, TX 78216, USA",San Antonio,TX,HR & Staffing,8,85,"https://www.manpower.com/en/about-us/locations/san-antonio,-tx---downtown?utm_campaign=manpowerlpm&utm_medium=organic-search&utm_source=gbp",San Antonio,2026-06-15
Provenir Healthcare,info@provenirusa.com,(210) 479-3444,"5723 University Heights Blvd #123, San Antonio, TX 78249, USA",San Antonio,TX,HR & Staffing,8,75,https://www.provenirhealthcare.com/,San Antonio,2026-06-15
PeopleReady,1182-br@peopleready.com,(210) 212-5588,"1840 S General McMullen Dr Suite 107, San Antonio, TX 78226, USA",San Antonio,TX,HR & Staffing,8,85,https://www.peopleready.com/location/san-antonio-tx-1182/?utm_source=source_google_business&utm_medium=organic&utm_campaign=yext&utm_content=SanAntonio_TX_1182,San Antonio,2026-06-15
LaborMax Staffing - San Antonio (Anytime Labor - San Antonio LLC),hr@labormaxstaffing.com,(210) 310-3094,"1323 NE Interstate 410 Loop, San Antonio, TX 78232, USA",San Antonio,TX,HR & Staffing,8,85,http://www.labormax.net/,San Antonio,2026-06-15
Labor Finders San Antonio,sanantoniowest@laborfinders.com,(210) 590-1242,"2029 Austin Hwy, San Antonio, TX 78218, USA",San Antonio,TX,HR & Staffing,8,85,https://www.laborfinders.com/locations/tx/san-antonio-west/21-20/,San Antonio,2026-06-15
Labor on Demand Inc,inquiry@laborondemand.com,(210) 736-1400,"851 Culebra Rd, San Antonio, TX 78201, USA",San Antonio,TX,HR & Staffing,8,85,https://laborondemand.com/,San Antonio,2026-06-15
PeopleReady,1173-br@peopleready.com,(405) 524-1388,"145 NE 23rd St, Oklahoma City, OK 73105, USA",Oklahoma City,OK,HR & Staffing,8,85,https://www.peopleready.com/location/oklahoma-city-ok-1173/?utm_source=source_google_business&utm_medium=organic&utm_campaign=yext&utm_content=OklahomaCity_OK_1173,Oklahoma City,2026-06-15
Labor Finders Oklahoma City,acworth@laborfinders.com,(405) 634-2900,"309 SW 59th St #302, Oklahoma City, OK 73109, USA",Oklahoma City,OK,HR & Staffing,8,85,http://www.laborfinders.com/office-locator/office-details/3/2,Oklahoma City,2026-06-15
Ncite Partners,recruiting@ncitepartners.com,(405) 446-8844,"1106 NW 44th St, Oklahoma City, OK 73118, USA",Oklahoma City,OK,HR & Staffing,8,85,http://www.ncitepartners.com/,Oklahoma City,2026-06-15
"Motion Recruitment, a Kelly Company",accessibility@motionrp.com,(602) 393-2900,"1 N Central Ave Ste 880, Phoenix, AZ 85004, USA",Phoenix,AZ,HR & Staffing,8,85,https://motionrecruitment.com/about/locations/phoenix-it-staffing-recruiting?utm_source=google-business&utm_medium=organic&utm_campaign=phoenix,Phoenix,2026-06-15
PEO Brokers Group,inforequest@probrokersgroup.com,(405) 810-9355,"16208 Sonoma Park Dr, Edmond, OK 73013, USA",Oklahoma City,OK,HR & Staffing,8,85,http://www.peobrokersgroup.com/,Oklahoma City,2026-06-15
OKLAHOMA Public Employees Association,info@opea.org,(405) 524-6764,"3700 N Classen Blvd, Oklahoma City, OK 73118, USA",Oklahoma City,OK,HR & Staffing,8,85,http://opea.org/,Oklahoma City,2026-06-15
COWIB (Central Oklahoma Workforce Innovation Board),cowib@cowib.org,(405) 622-2026,"3813 N Santa Fe Ave #135, Oklahoma City, OK 73118, USA",Oklahoma City,OK,HR & Staffing,8,85,https://cowib.org/,Oklahoma City,2026-06-15
Professional Rehabilitation Office | Career Planning Center,info@okdrs.gov,(405) 635-2750,"5813 S Robinson Ave, Oklahoma City, OK 73109, USA",Oklahoma City,OK,HR & Staffing,8,85,https://oklahoma.gov/okdrs/job-seekers/drs-programs/cpc.html,Oklahoma City,2026-06-15
Frontline Source Group,phoenix.staffing@frtline.com,(602) 281-6591,"2415 E Camelback Rd #701, Phoenix, AZ 85016, USA",Phoenix,AZ,HR & Staffing,8,85,https://www.frontlinesourcegroup.com/phoenix.html,Phoenix,2026-06-15
Scion Staffing,close_side_menu@2x.png,(602) 837-2331,"Two North Central Ave 18th Floor, Phoenix, AZ 85004, USA",Phoenix,AZ,HR & Staffing,8,80,https://scionstaffing.com/staffing-phoenix/,Phoenix,2026-06-15
AZ Staffing Partners powered by AZ Event Connect,info@azeventconnect.com,(602) 456-1223,"515 E Grant St Ste 150, Phoenix, AZ 85004, USA",Phoenix,AZ,HR & Staffing,8,85,http://www.azstaffingpartners.com/,Phoenix,2026-06-15
"Quality Labor Management LLC, Oklahoma City",info@myqlm.com,(918) 205-4225,"2518 N Moore Ave, Moore, OK 73160, USA",Oklahoma City,OK,HR & Staffing,8,85,http://www.myqlm.com/,Oklahoma City,2026-06-15
Staff Zone,info@staffzone.com,(405) 900-5222,"6002 S Western Ave, Oklahoma City, OK 73139, USA",Oklahoma City,OK,HR & Staffing,8,85,http://staffzone.com/,Oklahoma City,2026-06-15
HireQuest Direct,hr@hirequest.com,(405) 605-8222,"432 SW 59th St Ste 200, Oklahoma City, OK 73109, USA",Oklahoma City,OK,HR & Staffing,8,85,http://hirequestdirect.com/,Oklahoma City,2026-06-15
Elite Workforce Management,chris@eliteonpremise.com,(580) 272-6790,"2124 B St, Ada, OK 74820, USA",Oklahoma City,OK,HR & Staffing,8,80,http://www.eliteonpremise.com/,Oklahoma City,2026-06-15
HR Wise llc,cshepherd@hrwisellc.com,(855) 353-1035,"8399 E Indian School Rd #102, Scottsdale, AZ 85251, USA",Phoenix,AZ,HR & Staffing,8,85,http://www.hrwisellc.com/,Phoenix,2026-06-15
Infiniti HR,chosen-sprite@2x.png,(301) 260-1030,"6263 N Scottsdale Rd #143, Scottsdale, AZ 85250, USA",Phoenix,AZ,HR & Staffing,8,80,http://infinitihr.com/,Phoenix,2026-06-15
AmeriSource HR Consulting Group,info@amerisourcehr.com,(602) 343-6444,"20860 N Tatum Blvd #300, Phoenix, AZ 85050, USA",Phoenix,AZ,HR & Staffing,8,75,https://amerisourcehr.com/,Phoenix,2026-06-15
"Structure for Success, LLC",booktimewithwendy@structure4success.com,(480) 305-0761,"8283 Hayden Rd Ste 291, Scottsdale, AZ 85258, USA",Phoenix,AZ,HR & Staffing,8,85,http://www.structure4success.com/,Phoenix,2026-06-15
TalentBridge,inquiry@talentbridge.com,(480) 351-3115,"1400 E Southern Ave Ste 625, Tempe, AZ 85282, USA",Phoenix,AZ,HR & Staffing,8,85,https://talentbridge.com/phoenix/,Phoenix,2026-06-15
Prosum,info@prosum.com,(310) 426-0600,"515 E Grant St Ste 150, Phoenix, AZ 85004, USA",Phoenix,AZ,HR & Staffing,8,80,http://www.prosum.com/,Phoenix,2026-06-15
MANPOWER,oklahomacity.ok-northwest@manpower.com,(405) 942-5111,"3030 Northwest Expy Suite 1203, Oklahoma City, OK 73112, USA",Oklahoma City,OK,HR & Staffing,8,85,"https://www.manpower.com/en/about-us/locations/oklahoma-city,-ok?utm_campaign=manpowerlpm&utm_medium=organic-search&utm_source=gbp",Oklahoma City,2026-06-15
Success Property Management And Consultants Inc.,laura@successokc.com,(405) 474-7001,"310 NE 28th St #212, Oklahoma City, OK 73105, USA",Oklahoma City,OK,HR & Staffing,8,75,https://successokc.com/,Oklahoma City,2026-06-15
LGC Staffing OKC,flags@2x.webp,(405) 817-0040,"5601 NW 72nd St #150, Warr Acres, OK 73132, USA",Oklahoma City,OK,HR & Staffing,8,75,https://lgcassociates.com/locations/oklahoma-city-staffing-agency/,Oklahoma City,2026-06-15
LaborMax Staffing,hr@labormaxstaffing.com,(602) 682-7855,"1615 W Camelback Rd #104, Phoenix, AZ 85015, USA",Phoenix,AZ,HR & Staffing,8,85,http://www.labormax.net/?ref=OP-Phoenix-GMB,Phoenix,2026-06-15
"Mimo, LLC",mimoforrentllc@gmail.com,(405) 623-5042,"426 NW 5th St #200, Oklahoma City, OK 73102, USA",Oklahoma City,OK,HR & Staffing,8,75,http://www.mimoforrent.com/contact-us/,Oklahoma City,2026-06-15
Maricopa County Human Resource,adahelp@maricopa.gov,(602) 506-3755,"301 W Jefferson St #200, Phoenix, AZ 85003, USA",Phoenix,AZ,HR & Staffing,8,75,https://www.maricopa.gov/5264/Human-Resources,Phoenix,2026-06-15
PeopleReady,1210-br@peopleready.com,(602) 353-9330,"2901 W Thomas Rd Suite 2, Phoenix, AZ 85017, USA",Phoenix,AZ,HR & Staffing,8,85,https://www.peopleready.com/location/phoenix-az-1210/?utm_source=source_google_business&utm_medium=organic&utm_campaign=yext&utm_content=Phoenix_AZ_1210,Phoenix,2026-06-15
PeopleReady,1175-br@peopleready.com,(918) 295-0224,"902 South Boulder Ave W, Tulsa, OK 74119, USA",Tulsa,OK,HR & Staffing,8,85,https://www.peopleready.com/location/tulsa-ok-1175/?utm_source=source_google_business&utm_medium=organic&utm_campaign=yext&utm_content=Tulsa_OK_1175,Tulsa,2026-06-15
The Finders,2@q.vs,(480) 342-9900,"6930 E Chauncey Ln #250, Phoenix, AZ 85054, USA",Phoenix,AZ,HR & Staffing,8,85,https://the-finders.com/,Phoenix,2026-06-15
DDJ Myers,info@ddjmyers.com,(602) 840-9595,"4340 E Indian School Rd #21-472, Phoenix, AZ 85018, USA",Phoenix,AZ,HR & Staffing,8,80,https://ddjmyers.com/,Phoenix,2026-06-15
Govig & Associates,info@govig.com,(480) 941-1515,"7150 E Camelback Rd #555, Scottsdale, AZ 85251, USA",Phoenix,AZ,HR & Staffing,8,75,https://www.govig.com/,Phoenix,2026-06-15
Ascend Associates Inc,join@ascend-associates.com,(602) 612-8920,"727 E Bethany Home Rd Ste D125, Phoenix, AZ 85014, USA",Phoenix,AZ,HR & Staffing,8,80,https://ascend-associates.com/,Phoenix,2026-06-15
One Source Employer Services,danielle@onesource-az.com,(602) 553-8300,"9875 S Priest Dr Unit 104, Tempe, AZ 85284, USA",Phoenix,AZ,HR & Staffing,8,85,https://onesourceaz.com/,Phoenix,2026-06-15
Empereon Marketing LLC,info@empereon-constar.com,(602) 889-3655,"3561 W Bell Rd, Phoenix, AZ 85053, USA",Phoenix,AZ,HR & Staffing,8,85,https://www.empereon-constar.com/,Phoenix,2026-06-15
PPA Arizona,info@ppaarizona.com,(602) 471-2200,"17470 N Pacesetter Way, Scottsdale, AZ 85255, USA",Phoenix,AZ,HR & Staffing,8,80,http://www.ppaarizona.com,Phoenix,2026-06-15
General Workforce AZ LLC,infonj@generalworkforce.com,(602) 296-5078,"2826 W Northern Ave, Phoenix, AZ 85051, USA",Phoenix,AZ,HR & Staffing,8,75,http://www.generalworkforce.com/,Phoenix,2026-06-15
National Association of Professional Employer Organizations,info@napeo.org,(703) 836-0466,"707 N St Asaph St, Alexandria, VA 22314, USA",Tulsa,OK,HR & Staffing,8,80,http://napeo.org/,Tulsa,2026-06-15
"Professional Engineering Consultants, P.A. - Tulsa, OK",drop-icon@2x.png,(918) 664-5400,"1924 S Utica Ave Ste 1400, Tulsa, OK 74104, USA",Tulsa,OK,HR & Staffing,8,80,http://www.pec1.com/,Tulsa,2026-06-15
Kruse PEO Services,info@kruseassoc.com,(800) 258-1036,"8596 E 101st St S, Tulsa, OK 74146, USA",Tulsa,OK,HR & Staffing,8,80,https://kruseassoc.com/,Tulsa,2026-06-15
MANPOWER,tulsa.ok-south@manpower.com,(918) 251-2001,"4629 W Kenosha St Suite -D, Broken Arrow, OK 74012, USA",Tulsa,OK,HR & Staffing,8,85,"https://www.manpower.com/en/about-us/locations/tulsa,-ok?utm_campaign=manpowerlpm&utm_medium=organic-search&utm_source=gbp",Tulsa,2026-06-15
BAM Properties,info@bamproperties.com,(918) 584-1414,"320 S Boston Ave #1130, Tulsa, OK 74103, USA",Tulsa,OK,HR & Staffing,8,80,https://bamproperties.com/,Tulsa,2026-06-15
RESULTS Technology - IT Support Company,helpdesk@resultstechnology.com,(913) 928-8300,"1321 Burlington St #202, North Kansas City, MO 64116, USA",Kansas City,MO,Managed IT,7,70,https://www.resultstechnology.com/,Kansas City,2026-06-15
Stanton Chase International Executive Search Austin,hero2@2x.jpg,(512) 502-9833,"3800 N Lamar Blvd #200, Austin, TX 78756, USA",Austin,TX,HR & Staffing,7,70,http://www.stantonchase.com/,Austin,2026-06-15
Acre Land Buyers | Sell My Land Fast for Cash San Antonio,team@acrelandbuyers.com,(726) 255-7253,"110 E Houston St #256, San Antonio, TX 78205, USA",San Antonio,TX,Merchant Services,7,70,https://acrelandbuyers.com/sell-my-land-fast-for-cash-san-antonio-texas/,San Antonio,2026-06-15
Retail Oklahoma,pravencraft@priceedwards.com,(405) 657-7800,"210 Park Ave, Oklahoma City, OK 73102, USA",Oklahoma City,OK,Merchant Services,7,70,http://retailoklahoma.net/,Oklahoma City,2026-06-15
All In One Medical Staffing,allinoneservicesdfw1@gmail.com,(877) 315-9073,"7777 Forest Ln Ste C-A94, Dallas, TX 75230, USA",Dallas,TX,HR & Staffing,7,70,https://allinonemedicalstaffing.com/,Dallas-Fort Worth,2026-06-15
Reaction Search International Inc.,info@reactionsearch.com,(512) 389-0172,"106 E 6th St, Austin, TX 78701, USA",Austin,TX,HR & Staffing,7,70,http://www.reactionsearch.com/,Austin,2026-06-15
Full Circle Insights,gsmith@business.com,(650) 641-2766,"122 E Houston St, San Antonio, TX 78205, USA",San Antonio,TX,Merchant Services,7,70,http://fullcircleinsights.com/,San Antonio,2026-06-15
Acre Land Buyers | Sell My Land Fast for Cash Oklahoma City,team@acrelandbuyers.com,(405) 346-9902,"400 N Hudson Ave #249, Oklahoma City, OK 73102, USA",Oklahoma City,OK,Merchant Services,7,70,https://acrelandbuyers.com/sell-my-land-fast-for-cash-oklahoma-city-oklahoma/,Oklahoma City,2026-06-15
Bryan Geiger - Gateway First Bank,bryan.geiger@gatewayfirst.com,(405) 421-0576,"6304 Waterford Blvd Ste 100, Oklahoma City, OK 73118, USA",Oklahoma City,OK,Merchant Services,7,70,http://www.gatewayfirst.com/locations-atms/bryan-geiger?utm_source=google&utm_medium=yext&utm_campaign=yext_referral,Oklahoma City,2026-06-15
Gateway First Bank - Oklahoma City,digitalsupport@gatewayfirst.com,(405) 338-1578,"6303 Waterford Blvd, Oklahoma City, OK 73118, USA",Oklahoma City,OK,Merchant Services,7,70,https://www.gatewayfirst.com/locations-atms/oklahoma-city-waterford-ok?utm_source=google&utm_medium=yext&utm_campaign=yext_referral,Oklahoma City,2026-06-15
OCI - PEO,steve@ocihr.com,(214) 770-4096,"309 East Ovilla Road, Red Oak, TX 75154, USA",Dallas,TX,HR & Staffing,7,70,http://www.ocihr.com/,Dallas-Fort Worth,2026-06-15
Cybersecurity and Businness Technology,info@defenditservices.com,(210) 742-8096,"84 NE Interstate 410 Loop, San Antonio, TX 78216, USA",San Antonio,TX,Managed IT,7,70,https://www.defenditservices.com/,San Antonio,2026-06-15
247 Healthcare Staffing,info@247healthcarestaffing.com,(833) 666-3504,"5900 Balcones Dr Suit 100, Austin, TX 78731, USA",Austin,TX,HR & Staffing,7,70,https://www.247healthcarestaffing.com/,Austin,2026-06-15
"NurseEra Medical Staffing, LLC",milenabbrandao@gmail.com,(281) 720-2453,"5900 Balcones Dr Suit 100, Austin, TX 78731, USA",Austin,TX,HR & Staffing,7,70,http://www.nurseera.com/,Austin,2026-06-15
Propelex Cybersecurity,home@2x-80.jpg,(866) 776-7352,"PMB1054, 1000 Main St Ste 2300, Houston, TX 77002, USA",Houston,TX,Managed IT,7,70,https://www.propelex.com/,Houston,2026-06-15
PEO BY DESIGN,info@peobydesign.com,(346) 530-2622,"13121 Louetta Rd Box #1155, Cypress, TX 77429, USA",Houston,TX,HR & Staffing,7,70,https://peobydesign.com/,Houston,2026-06-15
Congruity HR Tulsa PEO,info@congruityhr.com,(844) 247-4100,"7806 E 108th St, Tulsa, OK 74133, USA",Tulsa,OK,HR & Staffing,7,70,http://www.congruityhr.com/,Tulsa,2026-06-15
Accessible HR,filler@godaddy.com,(281) 685-4846,"6575 W Loop S Ste 500, Bellaire, TX 77401, USA",Houston,TX,HR & Staffing,7,70,https://accessiblehr.com/contact-us,Houston,2026-06-15
FineLine HR Consulting,info@finelinehr.com,(816) 479-0388,"9237 Ward Pkwy #235, Kansas City, MO 64114, USA",Kansas City,MO,HR & Staffing,7,70,http://finelinehr.com/contact/,Kansas City,2026-06-15
Giga Cloud Services Inc.,hr@gigacloudservices.com,(346) 347-1982,"6250 Westpark Dr #314, Houston, TX 77057, USA",Houston,TX,Managed IT,7,70,https://www.gigacloudservices.com/,Houston,2026-06-15
Reaction Search International Inc.,info@reactionsearch.com,(602) 254-2024,"2415 E Camelback Rd Suite 700, Phoenix, AZ 85016, USA",Phoenix,AZ,HR & Staffing,7,70,https://www.reactionsearch.com/,Phoenix,2026-06-15
KwickPOS - Cloud-based Restaurant POS System,sales@kwickpos.com,(469) 479-5151,"705 K Ave ste 5, Plano, TX 75074, USA",Dallas,TX,Merchant Services,7,70,https://www.kwickpos.com/,Dallas-Fort Worth,2026-06-15
Security Pursuit,sales@securitypursuit.com,(720) 675-7668,"2000 Arapahoe St Suite 1, Denver, CO 80205, USA",Denver,CO,Managed IT,7,70,http://www.securitypursuit.com/,Denver,2026-06-15
AON POS,info@aonepos.com,(469) 212-1773,"2775 Villa Creek Dr #130, Dallas, TX 75234, USA",Dallas,TX,Merchant Services,7,70,http://aonepos.com/,Dallas-Fort Worth,2026-06-15
Acre Land Buyers | Sell My Land Fast for Cash Tulsa,team@acrelandbuyers.com,(918) 301-0963,"2 W 2nd St #1071, Tulsa, OK 74103, USA",Tulsa,OK,Merchant Services,7,70,https://acrelandbuyers.com/sell-my-land-fast-for-cash-tulsa-oklahoma/,Tulsa,2026-06-15
Equipment Leases Inc.,proposals@equipmentleases.com,(713) 866-4005,"363 N Sam Houston Pkwy E Ste 1100 - #1633, Houston, TX 77060, USA",Houston,TX,HR & Staffing,7,70,https://equipmentleases.com/about-us/our-locations/houston/,Houston,2026-06-15
Mainspring Retail Solutions,sales@mainspring.net,(918) 317-0707,"8634 S Peoria Ave, Tulsa, OK 74132, USA",Tulsa,OK,Merchant Services,7,70,http://www.mainspring.net/,Tulsa,2026-06-15
"AdRem Systems Corporation | Denver, Colorado Managed IT Services Company",info@adrem.com,(303) 219-4511,"999 18th St, Denver, CO 80202, USA",Denver,CO,Managed IT,7,70,https://www.adrem.com/,Denver,2026-06-15
"ESI - eEmployers Solutions, Inc.",sanantonio@eesipeo.com,(832) 353-2181,"10700 Richmond Ave #301, Houston, TX 77042, USA",Houston,TX,HR & Staffing,7,70,http://www.eesipeo.com/,Houston,2026-06-15
Great People Resources Training & Solutions,employment@gprstaffing.com,(816) 654-6323,"2547 Brooklyn Ave, Kansas City, MO 64127, USA",Kansas City,MO,HR & Staffing,7,70,https://gprstaffing.com/,Kansas City,2026-06-15
The Tabb Agency,info@thetabbagency.com,(405) 593-0889,"by appointment only, Oklahoma City, OK 73132, USA",Oklahoma City,OK,HR & Staffing,7,70,https://www.thetabbagency.com/pages/contact,Oklahoma City,2026-06-15
Global Recruiters of Oklahoma City,info@grnoklahomacity.com,(405) 608-6870,"10802 Quail Plaza Dr #102, Oklahoma City, OK 73120, USA",Oklahoma City,OK,HR & Staffing,7,70,http://www.grnoklahomacity.com/,Oklahoma City,2026-06-15
LS Point of Sale and Payments,sales@loyalty-sense.com,(945) 900-7088,"Unit no. 200 A, 1735 Keller Springs Rd, Carrollton, TX 75006, USA",Dallas,TX,Merchant Services,7,70,http://www.loyalty-sense.com/,Dallas-Fort Worth,2026-06-15
Connect Assistant Resource,hello@workwithconnect.com,(405) 740-0061,"600 N Robinson Ave Ste #653, Oklahoma City, OK 73102, USA",Oklahoma City,OK,HR & Staffing,7,70,https://workwithconnect.com/,Oklahoma City,2026-06-15
The Robinson/Diamond Resource Group,jobs@therdrg.com,(214) 628-9270,"1910 Pacific Ave Ste 16850, Dallas, TX 75201, USA",Dallas,TX,HR & Staffing,7,70,http://therdrg.com/,Dallas-Fort Worth,2026-06-15
Spirit Human Resources,info@spirithr.com,(405) 951-5300,"3817 Northwest Expy Ste 400, Oklahoma City, OK 73112, USA",Oklahoma City,OK,HR & Staffing,7,70,http://spirithr.com/,Oklahoma City,2026-06-15
Alcott HR,alcotthrfreeassessment@alcotthr.com,(631) 420-0100,"5100 N Classen Blvd #620, Oklahoma City, OK 73118, USA",Oklahoma City,OK,HR & Staffing,7,70,http://alcotthr.com/,Oklahoma City,2026-06-15
Certified PEO Inc,info@thecertifiedpeo.com,(832) 279-5834,"6200 Savoy Dr #638, Houston, TX 77036, USA",Houston,TX,HR & Staffing,7,70,http://www.thecertifiedpeo.com/,Houston,2026-06-15
Prosource Solutions,group-181@2x-1200x717.png,(713) 681-3877,"10777 Northwest Fwy #345, Houston, TX 77092, USA",Houston,TX,HR & Staffing,7,70,https://www.prosourcesolutionsinc.com/,Houston,2026-06-15
Manhattan Resources,info@manhattanresources.com,(713) 980-1400,"1001 McKinney St #400, Houston, TX 77002, USA",Houston,TX,HR & Staffing,7,70,http://www.manhattanresources.com/,Houston,2026-06-15
EQ Talent Solutions,matt@pixelspread.com,(281) 352-6855,"8215 Long Point Rd, Houston, TX 77055, USA",Houston,TX,HR & Staffing,7,70,https://eqtalentsolutions.com/,Houston,2026-06-15
GTN Technical Staffing,ic_cybersecurity@2x.png,(346) 360-2908,"2100 W Loop S, Houston, TX 77027, USA",Houston,TX,HR & Staffing,7,70,https://www.gtntechnicalstaffing.com/,Houston,2026-06-15
Merchant Services Consultants,micah@micahrich.com,(405) 241-7283,"1110 W Main St Ste 9, Norman, OK 73069, USA",Oklahoma City,OK,Merchant Services,7,70,https://b2btruth.com/,Oklahoma City,2026-06-15
Ocotillo HR Services,info@ocotillohr.com,(602) 834-8406,"909 W Pinnacle Peak Rd a110, Phoenix, AZ 85027, USA",Phoenix,AZ,HR & Staffing,7,70,https://ocotillohr.com/,Phoenix,2026-06-15
Aspen HR,support@aspenhr.com,(720) 594-3483,"370 17th St, Denver, CO 80202, USA",Denver,CO,HR & Staffing,7,70,https://aspenhr.com/,Denver,2026-06-15
Alt-Pay,james@alt-pay.net,(405) 296-6265,"2301 W I 44 Service Rd Ste 200, Oklahoma City, OK 73112, USA",Oklahoma City,OK,Merchant Services,7,70,http://alt-pay.net/,Oklahoma City,2026-06-15
Merchant Mav Oklahoma City,you@email.com,(405) 429-8181,"524 W Sheridan Ave, Oklahoma City, OK 73102, USA",Oklahoma City,OK,Merchant Services,7,70,http://www.merchantmaverick.com/,Oklahoma City,2026-06-15
POS Solutions,info@example.com,(210) 590-1200,"12702 Toepperwein Rd, Live Oak, TX 78233, USA",San Antonio,TX,Merchant Services,7,70,http://www.pos-tx.com/,San Antonio,2026-06-15
Excel Human Resource Services,info@excelhrservices.com,(972) 876-3212,"1431 Greenway Dr, Irving, TX 75039, USA",Dallas,TX,HR & Staffing,7,70,https://www.excelhrservices.com/contact,Dallas-Fort Worth,2026-06-15
Kinetech Cloud,ricky.volz@kinetechcloud.com,(844) 546-3832,"8th Floor, 110 E Houston St, San Antonio, TX 78205, USA",San Antonio,TX,Managed IT,7,70,https://www.kinetechcloud.com/,San Antonio,2026-06-15
Sunwest Employer Services,rsotelo@sunwestes.com,(602) 778-9856,"1430 E Missouri Ave b155, Phoenix, AZ 85014, USA",Phoenix,AZ,HR & Staffing,7,70,http://www.sunwestes.com/,Phoenix,2026-06-15
Optimal Vetting - Talent Acquisition Consultants,email@website.com,(682) 452-5303,"2000 E Lamar Blvd, Arlington, TX 76006, USA",Dallas,TX,HR & Staffing,7,70,http://optimalvetting.com/,Dallas-Fort Worth,2026-06-15
Solved Systems IT Services,info@solvedsystems.com,(713) 702-7974,"4215 Stanford St, Houston, TX 77006, USA",Houston,TX,Managed IT,7,70,https://solvedsystems.com/?utm_source=google&utm_medium=wix_google_business_profile&utm_campaign=6254259378032941008,Houston,2026-06-15
1Power Professional Employer Organization,power@1powerpeo.com,(877) 945-2010,"101 W Renner Rd Ste 420, Richardson, TX 75082, USA",Dallas,TX,HR & Staffing,7,70,https://1powerpeo.com/,Dallas-Fort Worth,2026-06-15
Arrow Force MSP,info@arrowforce.com,(405) 261-9772,"4308 Grant Blvd B, Yukon, OK 73099, USA",Oklahoma City,OK,Managed IT,7,70,https://www.arrowforce.com/,Oklahoma City,2026-06-15
"RSCOTT HR FIRM, LLC",rscottfirm@outlook.com,(469) 232-7316,"4514 Cole Ave # 600, Dallas, TX 75205, USA",Dallas,TX,HR & Staffing,7,70,https://rscotthrfirm.com/,Dallas-Fort Worth,2026-06-15
Total Employer Solutions (TES),info@totalemployersolutions.com,(602) 955-5502,"PO Box 22067, Phoenix, AZ 85028, USA",Phoenix,AZ,HR & Staffing,7,70,http://totalemployersolutions.com/,Phoenix,2026-06-15
Cloud Payments,hello@cloudpayments.com,(888) 282-2021,"111 Congress Ave. Ste 500, Austin, TX 78701, USA",Austin,TX,Merchant Services,7,70,https://cloudpayments.com/,Austin,2026-06-15
POS Premier,support@pospremier.com,(833) 623-8070,"1910 Pacific Ave Ste # 8025, Dallas, TX 75201, USA",Dallas,TX,Merchant Services,7,70,https://www.pospremier.com/,Dallas-Fort Worth,2026-06-15
Grayson HR,info@graysonhr.com,(310) 770-3969,"325 North St. Paul Street Ste 3100, Dallas, TX 75201, USA",Dallas,TX,HR & Staffing,7,70,https://www.graysonhr.com/,Dallas-Fort Worth,2026-06-15
Routefusion,john@company.com,+18937040044,"1305 E 6th St Apt 10, Austin, TX 78702, USA",Austin,TX,Merchant Services,7,70,https://routefusion.com/,Austin,2026-06-15
Gateway Mortgage,john.roach@gatewayloan.com,(512) 717-0320,"211 E 7th St #635, Austin, TX 78701, USA",Austin,TX,Merchant Services,7,70,https://www.gatewayfirst.com/locations-atms/austin-tx?utm_source=google&utm_medium=yext&utm_campaign=yext_referral,Austin,2026-06-15
CVG Staffing Solutions,contact@cvgstaffingsolutions.com,(833) 830-7212,"1401 Blake St, Denver, CO 80202, USA",Denver,CO,HR & Staffing,7,70,http://www.cvgstaffingsolutions.com/,Denver,2026-06-15
The Standard Executive Search,sajiah@standardexecutivesearch.com,(832) 483-6563,"1201 Fannin St Ste 262, Houston, TX 77002, USA",Houston,TX,HR & Staffing,7,70,https://thestandardexecutivesearch.com/,Houston,2026-06-15
De La Vega HR Consulting,derek@dlvhr.com,(210) 294-9811,"503 Med Ct, San Antonio, TX 78258, USA",San Antonio,TX,HR & Staffing,7,70,https://delavegahrconsulting.com/contact-us-2/,San Antonio,2026-06-15
Reaction Search International Inc.,dallas@reactionsearchinternational.com,(972) 386-4116,"100 Crescent Ct Ste 700, Dallas, TX 75201, USA",Dallas,TX,HR & Staffing,7,70,https://www.reactionsearch.com/locations/dallas-executive-search-recruiters/,Dallas-Fort Worth,2026-06-15
PC Home POS,sales@pchomepos.com,(281) 799-6160,"12989 Bellaire Blvd #2, Houston, TX 77072, USA",Houston,TX,Merchant Services,7,70,http://www.pchomepos.com/,Houston,2026-06-15
M2 PEO Solutions,info@m2peo.com,(972) 355-3999,"1300 Verbena Ln, Argyle, TX 76226, USA",Dallas,TX,HR & Staffing,7,70,https://m2peo.com/,Dallas-Fort Worth,2026-06-15
UniqueHR Regional Office - San Antonio,uniquehr-logo-crop@2x.webp,(210) 732-4884,"4538 Centerview Dr #101, San Antonio, TX 78228, USA",San Antonio,TX,HR & Staffing,7,70,http://www.uniquehr.com/,San Antonio,2026-06-15
Covenant Services,info@gnapartners.com,(210) 801-8728,"8000 I-10 Ste 705, San Antonio, TX 78230, USA",San Antonio,TX,HR & Staffing,7,70,http://www.covenantsvcs.com/,San Antonio,2026-06-15
"Ask Linda HR Consulting Services, Inc.",linda@asklindahr.me,(210) 846-4900,"12708 FM 1346, St Hedwig, TX 78152, USA",San Antonio,TX,HR & Staffing,7,70,http://www.asklindahr.me/,San Antonio,2026-06-15
ServeEasy POS - Restaurant Management System,name@example.com,(346) 241-7421,"4201 Main St Ste # 200-122, Houston, TX 77002, USA",Houston,TX,Merchant Services,7,70,https://serveeasy.co/,Houston,2026-06-15
Tabski - Food Hall & Restaurant POS Platform,tabskifinallogowhite@72x-1.png,(866) 822-7544,"3015 Salena St Ste 202, St. Louis, MO 63118, USA",St. Louis,MO,Merchant Services,7,70,http://tabski.com/,St. Louis,2026-06-15
Trybe Payment Solutions,team@latofonts.com,(817) 622-8880,"777 Main St Ste 600, Fort Worth, TX 76102, USA",Dallas,TX,Merchant Services,7,70,http://www.trybepay.com/,Dallas-Fort Worth,2026-06-15
"1st Commecial Credit, LLC",raul@1stcommercialcredit.com,(214) 623-5579,"100 Crescent Ct Ste 700, Dallas, TX 75201, USA",Dallas,TX,Merchant Services,7,70,https://www.1stcommercialcredit.com/locations/dallas-texas-tx/,Dallas-Fort Worth,2026-06-15
Interstate Business Systems,sales@ibspos.com,(314) 638-3611,"9137 Reavis Barracks Rd, St. Louis, MO 63123, USA",St. Louis,MO,Merchant Services,7,70,http://www.ibspos.com/,St. Louis,2026-06-15
Acre Land Buyers | Sell My Land Fast for Cash St Louis,team@acrelandbuyers.com,(314) 414-1252,"1014 Spruce St #289, St. Louis, MO 63102, USA",St. Louis,MO,Merchant Services,7,70,https://acrelandbuyers.com/sell-my-land-fast-for-cash-st-louis-missouri/,St. Louis,2026-06-15
Your Sales Energy,jamie@yoursalesenergy.com,(626) 250-0950,"1324 Washington Ave Ste 730, St. Louis, MO 63103, USA",St. Louis,MO,Merchant Services,7,70,http://yoursalesenergy.com/,St. Louis,2026-06-15
Online Ordering POS Advisors,info@onlineordersposadvisors.com,(888) 410-2990,"5433 Westheimer Rd Ste 730, Houston, TX 77056, USA",Houston,TX,Merchant Services,7,70,https://onlineordersposadvisors.com/,Houston,2026-06-15
"Employer Solutions Employee Support, PLLC",micah@micahrich.com,(281) 705-6476,"2600 S Loop W, Houston, TX 77054, USA",Houston,TX,HR & Staffing,7,70,http://www.employersolutionsemployeesupport.com/,Houston,2026-06-15
Gateway Packaging Company,name@example.com,(618) 451-0010,"100 S 4th St Unit 600, St. Louis, MO 63102, USA",St. Louis,MO,Merchant Services,7,70,http://gatewaypackaging.com/,St. Louis,2026-06-15
